"DESCRIPTION","DURATION IN MS","NAME","PARENT SUITE","START TIME","STATUS","STOP TIME","SUB SUITE","SUITE","TEST CLASS","TEST METHOD"
"","23489","Verify chef curated can be filtered based on specific tag==Kid-Friendly and validate only those curated recipes published from coach portal for selected Tag should be filtered with expected Name, cal & serving size","tests.temp","2026-07-13","passed","2026-07-13","TestChefCurated","test_curatedRecipes","",""
"","4667","Verify user cannot send empty message such as new line characters","tests.temp","2026-07-13","passed","2026-07-13","TestTalkToMyCoach","test_talk_toCoach","",""
"","11588","Verify user can save BP entry with relevant data","tests.temp.Health","2026-07-13","passed","2026-07-13","TestHealthBloodPressure","test_BP","",""
"","20396","Verify user can use calorie incrementor to edit calorie intake and one click should increment by 50 units","tests.temp.Food","2026-07-13","broken","2026-07-13","TestSetTargets","test_set_targets","",""
"Test login functionality with valid credentials","23144","Verify 'My Meals' nav button is present when clicked through Meal card > Add Food","tests.temp.Food","2026-07-13","passed","2026-07-13","TestMyMeals","test_zmy_meals","",""
"","894","Verify Recent Logs displays data for the filter 'Year' as the added data lies within the year","tests.temp.Health","2026-07-13","passed","2026-07-13","TestHealthBloodPressure","test_BP","",""
"","22556","Verify chef curated recipes can be searched using search bar","tests.temp","2026-07-13","passed","2026-07-13","TestChefCurated","test_curatedRecipes","",""
"","2332","Verify user can view HbA1c entry and validate details","tests.temp.Health","2026-07-13","passed","2026-07-13","TestHealthHbA1c","test_hbA1c","",""
"","2368","Verify set reminder page elements","tests.temp.WaterTracking","2026-07-13","passed","2026-07-13","TestWater","test_water","",""
"","5293","Validate user can log 'search the web' recipe from view page","tests.temp.Food","2026-07-13","passed","2026-07-13","TestSearchTheWeb","test_searchTheWeb","",""
"","1719","Verify My Posts tab displays user's own posts","tests.temp.DiscussionForum","2026-07-13","passed","2026-07-13","TestDiscussionForum","test_discuss","",""
"","20766","Verify user can track water in ml","tests.temp.WaterTracking","2026-07-13","broken","2026-07-13","TestWater","test_water","",""
"","566","Verify user can use calorie decrementor to edit calorie intake and one click should decrement by 50 units","tests.temp.Food","2026-07-13","broken","2026-07-13","TestSetTargets","test_set_targets","",""
"Test that all home screen elements are properly displayed","45447","Verify home screen is loaded correctly with all elements","tests.temp.zHabiRecipes","2026-07-13","passed","2026-07-13","TestRecipes","test_recipes4","",""
"","17725","Verify user can edit a post successfully and validate same is retained","tests.temp.DiscussionForum","2026-07-13","passed","2026-07-13","TestDiscussionForum","test_discuss","",""
"","12039","Verify Pinned Posts tab displays pinned posts by coach","tests.temp.DiscussionForum","2026-07-13","passed","2026-07-13","TestDiscussionForum","test_discuss","",""
"","935","Verify Recent Logs displays data for the filter 'All' irrespective of the range","tests.temp.Health","2026-07-13","passed","2026-07-13","TestHealthExercise","test_exercise","",""
"","2525","Verify user can delete weight and but saying YES, should delete weight","tests.temp.Health","2026-07-13","passed","2026-07-13","TestHealthWeight","test_weight","",""
"Test editing daily water target","4289","Verify Daily Water Target intake can be edited","tests.temp.Food","2026-07-13","broken","2026-07-13","TestSetTargets","test_set_targets","",""
"","2477","Verify user cannot add exercise steps==0 steps, and should see error message==Steps must be greater than or equal to 1","tests.temp.Health","2026-07-13","passed","2026-07-13","TestHealthExercise","test_exercise","",""
"Test login functionality with valid credentials","21616","Verify 'Snap & Log' button is present on Food Dashboard page","tests.temp.Food","2026-07-13","passed","2026-07-13","TestSnap","test_snap","",""
"","116","Verify Recent Logs displays data for the filter 'Year' as the added data lies within the year","tests.temp.Health","2026-07-13","broken","2026-07-13","TestHealthHbA1c","test_hbA1c","",""
"","9862","Verify coach should be able to add reactions to user posted discussions and same should be observed by a user","tests.temp.DiscussionForum","2026-07-13","passed","2026-07-13","TestDiscussionForum","test_discuss","",""
"","1807","Verify 'powered by NutritionIX' is displayed at the bottom for 'ALL' & 'FREQUENT' pages","tests.temp.Food","2026-07-13","passed","2026-07-13","TestGenericFlow","test_generic_foodFlow","",""
"","2562","Verify floating water track option when clicked, navigates to Add Food page","tests.temp.Food","2026-07-13","passed","2026-07-13","TestGenericFlow","test_generic_foodFlow","",""
"","1926","Verify ENTRY_COUNT reflects the correct value after adding second exercise","tests.temp.Health","2026-07-13","passed","2026-07-13","TestHealthExercise","test_exercise","",""
"","28552","Verify user can set target in Milliliter (ml)","tests.temp.WaterTracking","2026-07-13","broken","2026-07-13","TestWater","test_water","",""
"Test saving targets with valid macronutrient percentages","20492","Verify when carb==44%, user can set protein==46% and fat==10% and should be able to save successfully","tests.temp.Food","2026-07-13","broken","2026-07-13","TestSetTargets","test_set_targets","",""
"Test force open content visibility","13451","Given course with 3 handout with force open content is enabled, when user logs into the app, then user should see only 2 handout contents opened in force manner","tests.temp.Learn","2026-07-13","passed","2026-07-13","TestLearn_forcOpenPdf","test_forceOpen","",""
"","4390","Verify user can edit total daily calorie intake ","tests.temp.Food","2026-07-13","broken","2026-07-13","TestSetTargets","test_set_targets","",""
"","11417","Verify user set target for exercise should reflect same in main page","tests.temp.Health","2026-07-13","passed","2026-07-13","TestHealthExercise","test_exercise","",""
"As a new user, I should see a validation error when the city field is not filled","136","test_cityField_isRequired","tests.temp","2026-07-13","broken","2026-07-13","TestGuidedTour","test_reg_banner","",""
"Test Set Targets functionality","105","Verify Set Targets page elements and texts and fields","tests.temp.Food","2026-07-13","broken","2026-07-13","TestSetTargets","test_set_targets","",""
"Test log water functionality","1968","Verify user see log water option on food page","tests.temp.WaterTracking","2026-07-13","passed","2026-07-13","TestWater","test_water","",""
"","12708","Verify user can save HbA1c entry between 4 and 14","tests.temp.Health","2026-07-13","passed","2026-07-13","TestHealthHbA1c","test_hbA1c","",""
"","4992","Verify user cannot add exercise mins more than 1440 mins and should see error message==Minutes must be less than or equal to 1440","tests.temp.Health","2026-07-13","passed","2026-07-13","TestHealthExercise","test_exercise","",""
"","3838","Verify 'Create Meal' page elements","tests.temp.Food","2026-07-13","passed","2026-07-13","TestMyMeals","test_zmy_meals","",""
"Test sending a message in the chat","6259","Verify user can send a message to coach and validate message sent is visible and time stamp is correct with user's Initial displayed","tests.temp","2026-07-13","passed","2026-07-13","TestTalkToMyCoach","test_talk_toCoach","",""
"","20689","Verify chef curated can be filtered based on specific tag==Healthy Dessert and validate only those curated recipes published from coach portal for selected Tag should be filtered with expected Name, cal & serving size","tests.temp","2026-07-13","passed","2026-07-13","TestChefCurated","test_curatedRecipes","",""
"","41731","Verify when nutrient targets/data are updated, the changes are reflected in the Nutrient Details page","tests.temp.Food","2026-07-13","passed","2026-07-13","TestFoodNutrientViewDetails","test_viewDetails","",""
"","5644","Verify favorited 'Search the web' recipe is found in Favorites library","tests.temp.Food","2026-07-13","passed","2026-07-13","TestSearchTheWeb","test_searchTheWeb","",""
"","303","Verify delete button is displayed for the added weight entry","tests.temp.Health","2026-07-13","passed","2026-07-13","TestHealthWeight","test_weight","",""
"","5155","Verify user can edit Blood pressure","tests.temp.Health","2026-07-13","passed","2026-07-13","TestHealthBloodPressure","test_BP","",""
"","18025","As a user, I want to Log Recipe from View Recipe page","tests.temp.zHabiRecipes","2026-07-13","passed","2026-07-13","TestRecipes","test_recipes4","",""
"","391","Verify target weight is displayed correctly","tests.temp.Health","2026-07-13","passed","2026-07-13","TestHealthWeight","test_weight","",""
"Test favoriting a recipe from recently generated list","2060","validate favoriting recently generated recipes","tests.temp.zHabiRecipes","2026-07-13","passed","2026-07-13","TestRecipes","test_recipes1","",""
"As a new user, I should be able to decrement the goal weight using the decrementor","1088","test_goalweightDecrementor","tests.temp","2026-07-13","passed","2026-07-13","TestGuidedTour","test_reg_banner","",""
"","14985","Verify user can save MyMeal with 2 food items","tests.temp.Food","2026-07-13","passed","2026-07-13","TestMyMeals","test_zmy_meals","",""
"","174","Given 1 chapter with 2 contents (both are handouts) are published, user should see only 1 chapter with 2 handouts","tests.temp.Learn","2026-07-13","broken","2026-07-13","TestLearn","test_learn","",""
"","8915","Verify custom foods values are retained properly on edit mode","tests.temp.Food","2026-07-13","failed","2026-07-13","TestGenericFlow","test_generic_foodFlow","",""
"Test Snap functionality","506","Verify user should see 'Analyze and retake' button after selecting photo","tests.temp.Food","2026-07-13","passed","2026-07-13","TestSnap","test_snap","",""
"As a new user, I should see the congratulations page after completing the forms","3262","test_congratulations_page","tests.temp","2026-07-13","passed","2026-07-13","TestGuidedTour","test_reg_banner","",""
"","20575","Verify 'Chef Curated' expected tags are present and display fewer tags when view more is not clicked","tests.temp","2026-07-13","broken","2026-07-13","TestChefCurated","test_curatedRecipes","",""
"","954","Verify Recent Logs displays data for the filter 'Week' as the added data lies within the week","tests.temp.Health","2026-07-13","passed","2026-07-13","TestHealthWeight","test_weight","",""
"","295","Verify edit button is displayed for the added weight entry","tests.temp.Health","2026-07-13","passed","2026-07-13","TestHealthBloodPressure","test_BP","",""
"","2135","validate that nutritional info can be viewed for the generated recipe","tests.temp.zHabiRecipes","2026-07-13","passed","2026-07-13","TestRecipes","test_recipes2","",""
"Test case 3 description","1735","Verify user can view added weights","tests.temp.Health","2026-07-13","passed","2026-07-13","TestHealthWeight","test_weight","",""
"Test editing daily water target using incrementor button","3226","Verify Daily Water Target intake can be edited using incrementor button and should be incremented by 1 unit on each click","tests.temp.Food","2026-07-13","passed","2026-07-13","TestSetTargets","test_set_targets","",""
"","9045","Verify 'Create Meal' can be deleted","tests.temp.Food","2026-07-13","passed","2026-07-13","TestMyMeals","test_zmy_meals","",""
"Test login functionality with valid credentials","28650","Verify Set Targets button is present on Food Dashboard page","tests.temp.Food","2026-07-13","broken","2026-07-13","TestSetTargets","test_set_targets","",""
"","46826","Verify user can edit nutritional details fields after completing analysis","tests.temp.Food","2026-07-13","passed","2026-07-13","TestSnap","test_snap","",""
"As a new user, I should see a validation error when the height feet is not selected","97","test_height_feet","tests.temp","2026-07-13","broken","2026-07-13","TestGuidedTour","test_reg_banner","",""
"","20081","Verify water tracked from food dashboard reflects inside water intake page","tests.temp.WaterTracking","2026-07-13","broken","2026-07-13","TestWater","test_water","",""
"Test case 3 description","1880","Verify user can view added exercise","tests.temp.Health","2026-07-13","passed","2026-07-13","TestHealthExercise","test_exercise","",""
"","1150","Verify user edited BP reflects in main weight page","tests.temp.Health","2026-07-13","passed","2026-07-13","TestHealthBloodPressure","test_BP","",""
"","3935","Verify user can edit HbA1c","tests.temp.Health","2026-07-13","passed","2026-07-13","TestHealthHbA1c","test_hbA1c","",""
"","19797","Verify edited target weight reflects the same on main page","tests.temp.Health","2026-07-13","passed","2026-07-13","TestHealthWeight","test_weight","",""
"As a new user, I should see a validation error when the state field is not filled","137","test_stateField_is_required","tests.temp","2026-07-13","broken","2026-07-13","TestGuidedTour","test_reg_banner","",""
"Test the MACRONUTRIENT_CONSIDERATIONS page","4307","As a user When I click on the MACRONUTRIENT_CONSIDERATIONS button, it should take me to MACRONUTRIENT_CONSIDERATIONS page","tests.temp.zHabiRecipes","2026-07-13","passed","2026-07-13","TestRecipes","test_recipes1","",""
"","12133","Verify user can set a custom reminder to for ex., 3pm","tests.temp.WaterTracking","2026-07-13","passed","2026-07-13","TestWater","test_water","",""
"As a new user, I should be able to increment the weight using the incrementor","222","test_weightIncrementor","tests.temp","2026-07-13","broken","2026-07-13","TestGuidedTour","test_reg_banner","",""
"","5442","Verify 'Snap & Log' option is available when Add Food button is clicked and which clicked 'Snap & Log' should take to camera page","tests.temp.Food","2026-07-13","passed","2026-07-13","TestSnap","test_snap","",""
"","2133","Verify HbA1c list page loaded with correct UI elements","tests.temp.Health","2026-07-13","passed","2026-07-13","TestHealthHbA1c","test_hbA1c","",""
"","7709","Verify user can log snapped and analysed food","tests.temp.Food","2026-07-13","passed","2026-07-13","TestSnap","test_snap","",""
"","19398","Verify chef curated can be filtered based on specific tag==Low-Calorie and validate only those curated recipes published from coach portal for selected Tag should be filtered with expected Name, cal & serving size","tests.temp","2026-07-13","passed","2026-07-13","TestChefCurated","test_curatedRecipes","",""
"Test Snap functionality","1340","Verify clicking second time 'Snap & Log' button shouldnt show welcome page and takes you to camera taking or photo library","tests.temp.Food","2026-07-13","passed","2026-07-13","TestSnap","test_snap","",""
"","24709","Verify chef curated can be filtered based on specific tag==Plant-Based and validate only those curated recipes published from coach portal for selected Tag should be filtered with expected Name, cal & serving size","tests.temp","2026-07-13","passed","2026-07-13","TestChefCurated","test_curatedRecipes","",""
"","900","Verify Recent Logs displays data for the filter 'Month' as the added data lies within the month","tests.temp.Health","2026-07-13","passed","2026-07-13","TestHealthWeight","test_weight","",""
"As a new user, I should see a validation error when the phone field is not filled","140","test_phoneField_is_required","tests.temp","2026-07-13","broken","2026-07-13","TestGuidedTour","test_reg_banner","",""
"","5406","Verify user can remove photo for my meal","tests.temp.Food","2026-07-13","passed","2026-07-13","TestMyMeals","test_zmy_meals","",""
"","13114","Verify user can add weight using floating plus button","tests.temp.Health","2026-07-13","passed","2026-07-13","TestHealthWeight","test_weight","",""
"","1994","Verify floatingPlus button floats options such as 'Breakfast', 'Lunch', 'Dinner', 'Snacks', 'Water' options","tests.temp.Food","2026-07-13","passed","2026-07-13","TestGenericFlow","test_generic_foodFlow","",""
"","3899","Verify user cannot edit Water targets data for past dates","tests.temp.Food","2026-07-13","failed","2026-07-13","TestSetTargets","test_set_targets","",""
"","902","Verify Recent Logs displays data for the filter 'Week' as the added data lies within the week","tests.temp.Health","2026-07-13","passed","2026-07-13","TestHealthExercise","test_exercise","",""
"","904","Verify user edited exercise reflects in main weight page","tests.temp.Health","2026-07-13","passed","2026-07-13","TestHealthExercise","test_exercise","",""
"","9223","Verify user can see coach added weights","tests.temp.Health","2026-07-13","passed","2026-07-13","TestHealthWeight","test_weight","",""
"","1907","Verify Time Picker shows the current time when Custom reminder is selected","tests.temp.WaterTracking","2026-07-13","passed","2026-07-13","TestWater","test_water","",""
"","4684","Verify custom food form validation for required fields such as Name & Serving unit","tests.temp.Food","2026-07-13","passed","2026-07-13","TestGenericFlow","test_generic_foodFlow","",""
"","23446","Verify user can edit tracked waterIntake","tests.temp.WaterTracking","2026-07-13","broken","2026-07-13","TestWater","test_water","",""
"","116","Verify created & saved my meal in My Meals list by asserting number of items and total cals is properly computed and displayed","tests.temp.Food","2026-07-13","broken","2026-07-13","TestMyMeals","test_zmy_meals","",""
"","2498","Verify user can delete weight and but saying YES, should delete weight","tests.temp.Health","2026-07-13","passed","2026-07-13","TestHealthHbA1c","test_hbA1c","",""
"","313","Verify entry date and time for added exercise is displayed correctly in list view","tests.temp.Health","2026-07-13","passed","2026-07-13","TestHealthExercise","test_exercise","",""
"","793","verify appropriate tags linked to curated recipe should all be displayed in view page","tests.temp","2026-07-13","passed","2026-07-13","TestChefCurated","test_curatedRecipes","",""
"","29035","Verify on changing target unit from oz to ml, water track on food dashboard updates accordingly","tests.temp.WaterTracking","2026-07-13","broken","2026-07-13","TestWater","test_water","",""
"","3632","Verify user can react by clicking LIKE button to user's own post","tests.temp.DiscussionForum","2026-07-13","passed","2026-07-13","TestDiscussionForum","test_discuss","",""
"","974","Verify exercise list page loaded with correct details","tests.temp.Health","2026-07-13","passed","2026-07-13","TestHealthExercise","test_exercise","",""
"","4581","Verify custom foods can be deleted","tests.temp.Food","2026-07-13","passed","2026-07-13","TestGenericFlow","test_generic_foodFlow","",""
"","298","Verify month and year header is displayed correctly","tests.temp.Health","2026-07-13","passed","2026-07-13","TestHealthBloodPressure","test_BP","",""
"","554","Verify 'search the web' page elements","tests.temp.Food","2026-07-13","passed","2026-07-13","TestSearchTheWeb","test_searchTheWeb","",""
"","1431","verify appropriate Recipe Ingredients is displayed for the published curated recipe","tests.temp","2026-07-13","passed","2026-07-13","TestChefCurated","test_curatedRecipes","",""
"","1004","Verify Filter range buttons reflect the correct date range upon clicking Year filter","tests.temp.Health","2026-07-13","passed","2026-07-13","TestHealthBloodPressure","test_BP","",""
"","18423","Verify user can create a new post","tests.temp.DiscussionForum","2026-07-13","passed","2026-07-13","TestDiscussionForum","test_discuss","",""
"","290","Verify target exercise is displayed correctly in list page","tests.temp.Health","2026-07-13","passed","2026-07-13","TestHealthExercise","test_exercise","",""
"Test adding a searched ingredient on the Add Ingredients page","1925","validate add searched ingredient functionality","tests.temp.zHabiRecipes","2026-07-13","passed","2026-07-13","TestRecipes","test_recipes3","",""
"","907","Verify Recent Logs displays data for the filter 'All' irrespective of the range","tests.temp.Health","2026-07-13","passed","2026-07-13","TestHealthWeight","test_weight","",""
"Test login functionality with valid credentials","23163","Verify 'No data recorded' message displayed when no HbA1c data is recorded","tests.temp.Health","2026-07-13","passed","2026-07-13","TestHealthHbA1c","test_hbA1c","",""
"","749","Validate user can fav the 'search the web' recipe from view page","tests.temp.Food","2026-07-13","passed","2026-07-13","TestSearchTheWeb","test_searchTheWeb","",""
"","288","Verify edit button is displayed for the added weight entry","tests.temp.Health","2026-07-13","passed","2026-07-13","TestHealthWeight","test_weight","",""
"","22949","Verify target is increased by 50ml for every increment","tests.temp.WaterTracking","2026-07-13","broken","2026-07-13","TestWater","test_water","",""
"","962","Verify user should see Log message == 'Are you sure you want to log all 3 foods in Henrnr as Breakfast?","tests.temp.Food","2026-07-13","passed","2026-07-13","TestMyMeals","test_zmy_meals","",""
"","20762","Verify user can track water by directly clicking on available options such as 8 oz","tests.temp.WaterTracking","2026-07-13","broken","2026-07-13","TestWater","test_water","",""
"Test Snap functionality","1329","Verify user should see AI Analysis in Progress after clicking 'Analyze' button","tests.temp.Food","2026-07-13","passed","2026-07-13","TestSnap","test_snap","",""
"","542","Verify entry date for added Blood pressure is displayed correctly in list view","tests.temp.Health","2026-07-13","passed","2026-07-13","TestHealthBloodPressure","test_BP","",""
"","125","Verify user can see disclaimer","tests.temp.Learn","2026-07-13","broken","2026-07-13","TestLearn","test_learn","",""
"","100","test_regPage2","tests.temp","2026-07-13","broken","2026-07-13","TestGuidedTour","test_reg_banner","",""
"","948","Verify Recent Logs displays data for the filter 'Year' as the added data lies within the year","tests.temp.Health","2026-07-13","passed","2026-07-13","TestHealthExercise","test_exercise","",""
"Test resetting targets to initial values","187","Verify target can be reset to initial values ","tests.temp.Food","2026-07-13","broken","2026-07-13","TestSetTargets","test_set_targets","",""
"","3474","Verify user cannot add exercise steps more than 100000 steps and should see error message==Steps must be less than or equal to 100000","tests.temp.Health","2026-07-13","passed","2026-07-13","TestHealthExercise","test_exercise","",""
"","10922","Verify user can view added exercise data==Other activity","tests.temp.Health","2026-07-13","passed","2026-07-13","TestHealthExercise","test_exercise","",""
"","1209","Verify on changing target unit from oz to ml, all water intake options unit should update to ml","tests.temp.WaterTracking","2026-07-13","passed","2026-07-13","TestWater","test_water","",""
"","1041","Verify HbA1c addition form has correct fields","tests.temp.Health","2026-07-13","passed","2026-07-13","TestHealthHbA1c","test_hbA1c","",""
"Test editing daily fiber target","4430","Verify Daily Fiber Target intake can be edited","tests.temp.Food","2026-07-13","broken","2026-07-13","TestSetTargets","test_set_targets","",""
"Test that all home screen elements are properly displayed","30392","Verify home screen is loaded correctly with all elements","tests.temp.zHabiRecipes","2026-07-13","passed","2026-07-13","TestRecipes","test_recipes3","",""
"","299","Verify delete button is displayed for the added weight entry","tests.temp.Health","2026-07-13","passed","2026-07-13","TestHealthBloodPressure","test_BP","",""
"As a new user, I should not be able to edit the email field in the profile setup page","155","test_emailField_is_disabled","tests.temp","2026-07-13","broken","2026-07-13","TestGuidedTour","test_reg_banner","",""
"","2709","Verify clicking Add HbA1c button opens Add HbA1c form","tests.temp.Health","2026-07-13","passed","2026-07-13","TestHealthHbA1c","test_hbA1c","",""
"","20894","Verify chef curated can be filtered based on specific tag==High-Fiber and validate only those curated recipes published from coach portal for selected Tag should be filtered with expected Name, cal & serving size","tests.temp","2026-07-13","passed","2026-07-13","TestChefCurated","test_curatedRecipes","",""
"","295","Verify weight entry count is displayed correctly in list view","tests.temp.Health","2026-07-13","passed","2026-07-13","TestHealthWeight","test_weight","",""
"Test that Recipe Book page contains all expected elements","32632","Given the user is on the Recipe Book page, when they open the app, then all elements should be visible","tests.temp.zHabiRecipes","2026-07-13","passed","2026-07-13","TestRecipes","test_recipes1","",""
"Test login functionality with valid credentials","16656","Verify View Details button is present on Food Dashboard page","tests.temp.Food","2026-07-13","passed","2026-07-13","TestFoodNutrientViewDetails","test_viewDetails","",""
"","2482","Verify user can delete weight and but saying YES, should delete weight","tests.temp.Health","2026-07-13","passed","2026-07-13","TestHealthBloodPressure","test_BP","",""
"Test grams of each macronutrient are calculated correctly","278","Verify Grams of Each Macronutrient are calculated properly based on targets set","tests.temp.Food","2026-07-13","broken","2026-07-13","TestSetTargets","test_set_targets","",""
"","1223","Verify curated recipes can be favorited","tests.temp","2026-07-13","passed","2026-07-13","TestChefCurated","test_curatedRecipes","",""
"","303","Verify target bp is displayed correctly","tests.temp.Health","2026-07-13","passed","2026-07-13","TestHealthBloodPressure","test_BP","",""
"","10450","Verify user can edit added weights","tests.temp.Health","2026-07-13","passed","2026-07-13","TestHealthWeight","test_weight","",""
"","3522","Verify error message=='Calorie Target must be a valid number' is displayed when user tries to save empty calorie","tests.temp.Food","2026-07-13","passed","2026-07-13","TestSetTargets","test_set_targets","",""
"","43495","test_login_success","tests.temp","2026-07-13","broken","2026-07-13","TestGuidedTour","test_reg_banner","",""
"","906","Verify Recent Logs displays data for the filter 'Month' as the added data lies within the month","tests.temp.Health","2026-07-13","passed","2026-07-13","TestHealthExercise","test_exercise","",""
"","20628","Verify the macro progress rings update after logging food.","tests.temp.Food","2026-07-13","broken","2026-07-13","TestGenericFlow","test_generic_foodFlow","",""
"","3202","Verify appropriate messages are displayed when no posts are available under 'My Posts'","tests.temp.DiscussionForum","2026-07-13","passed","2026-07-13","TestDiscussionForum","test_discuss","",""
"","5213","Verify toaster message is displayed when user tries to reset calorie targets","tests.temp.Food","2026-07-13","passed","2026-07-13","TestSetTargets","test_set_targets","",""
"","5033","Verify user can edit added exercise","tests.temp.Health","2026-07-13","passed","2026-07-13","TestHealthExercise","test_exercise","",""
"","118","Verify Recent Logs displays data for the filter 'All' irrespective of the range","tests.temp.Health","2026-07-13","broken","2026-07-13","TestHealthHbA1c","test_hbA1c","",""
"","5120","Verify user cannot add Target exercise mins more than 1440 mins and should see error message==Minutes must be less than or equal to 1440","tests.temp.Health","2026-07-13","passed","2026-07-13","TestHealthExercise","test_exercise","",""
"","0","verify appropriate cook time is displayed for the published curated recipe","tests.temp","2026-07-13","passed","2026-07-13","TestChefCurated","test_curatedRecipes","",""
"Test deleting a recipe","11105","validate deleting a recipe from recipe list page","tests.temp.zHabiRecipes","2026-07-13","passed","2026-07-13","TestRecipes","test_recipes4","",""
"","170","Verify when clicked any meal card under progress section of main food dashboard, should take to Food Log page and should have 4tabs such as 'Breakfast', 'Lunch', 'Dinner', 'Snacks'","tests.temp.Food","2026-07-13","broken","2026-07-13","TestGenericFlow","test_generic_foodFlow","",""
"","16122","Verify user cannot save MyMeal with 1 food item","tests.temp.Food","2026-07-13","passed","2026-07-13","TestMyMeals","test_zmy_meals","",""
"","910","Verify user edited weight reflects in main weight page","tests.temp.Health","2026-07-13","passed","2026-07-13","TestHealthWeight","test_weight","",""
"","5280","Verify user can add blood pressure using floating plus button","tests.temp.Health","2026-07-13","passed","2026-07-13","TestHealthHbA1c","test_hbA1c","",""
"","288","Verify month and year header is displayed correctly","tests.temp.Health","2026-07-13","passed","2026-07-13","TestHealthWeight","test_weight","",""
"validate set preferences is hidden when there are no recipes","2549","validate set preferences button/link is hidden when there are no recipes","tests.temp.zHabiRecipes","2026-07-13","passed","2026-07-13","TestRecipes","test_recipes4","",""
"Test the MICRONUTRIENT_CONSIDERATIONS page","5081","As a user When I click on the MICRONUTRIENT_CONSIDERATIONS button, it should take me to MICRONUTRIENT_CONSIDERATIONS page","tests.temp.zHabiRecipes","2026-07-13","passed","2026-07-13","TestRecipes","test_recipes1","",""
"","5525","Verify user can delete added items from the meal when clicks 'YES'","tests.temp.Food","2026-07-13","passed","2026-07-13","TestMyMeals","test_zmy_meals","",""
"Test recently generated recipes","20531","validate recently generated recipes","tests.temp.zHabiRecipes","2026-07-13","passed","2026-07-13","TestRecipes","test_recipes1","",""
"","7610","Verify user can add blood pressure using floating plus button","tests.temp.Health","2026-07-13","passed","2026-07-13","TestHealthBloodPressure","test_BP","",""
"Test the Dietary Restrictions page","5137","As a user When I click on the Dietary Restrictions button, it should take me to Dietary Restrictions page","tests.temp.zHabiRecipes","2026-07-13","passed","2026-07-13","TestRecipes","test_recipes1","",""
"","7391","Validate Nutritional information can be viewed by clicking unwrap button","tests.temp.Food","2026-07-13","passed","2026-07-13","TestSearchTheWeb","test_searchTheWeb","",""
"","2545","validate viewing a generated recipe","tests.temp.zHabiRecipes","2026-07-13","passed","2026-07-13","TestRecipes","test_recipes2","",""
"","2929","Verify Recent Logs displays the edited weight entry with correct details","tests.temp.Health","2026-07-13","passed","2026-07-13","TestHealthWeight","test_weight","",""
"","258","Verify when user reacts to user's own post, 'You reacted' message is displayed","tests.temp.DiscussionForum","2026-07-13","passed","2026-07-13","TestDiscussionForum","test_discuss","",""
"Test case 2 description","36895","Verify user is able to add weight","tests.temp.Health","2026-07-13","passed","2026-07-13","TestHealthWeight","test_weight","",""
"","1644","Validate 'click here to view the full recipe' link-button displays popup with relevant message","tests.temp.Food","2026-07-13","passed","2026-07-13","TestSearchTheWeb","test_searchTheWeb","",""
"","1018","Verify Filter range buttons reflect the correct date range upon clicking Month filter","tests.temp.Health","2026-07-13","passed","2026-07-13","TestHealthExercise","test_exercise","",""
"","23674","Verify clicking on water track option present under floating button takes to water track page ","tests.temp.WaterTracking","2026-07-13","broken","2026-07-13","TestWater","test_water","",""
"As a new user, I should see a validation error when the weight is not selected","231","test_weight","tests.temp","2026-07-13","broken","2026-07-13","TestGuidedTour","test_reg_banner","",""
"","26405","Verify chef curated can be filtered based on specific tag==Meal Prep and validate only those curated recipes published from coach portal for selected Tag should be filtered with expected Name, cal & serving size","tests.temp","2026-07-13","passed","2026-07-13","TestChefCurated","test_curatedRecipes","",""
"","481","Verify month and year header is displayed correctly","tests.temp.Health","2026-07-13","passed","2026-07-13","TestHealthHbA1c","test_hbA1c","",""
"Test login functionality with valid credentials","18260","Verify floatingPlus button for adding meals available on Food main dashboard page","tests.temp.Food","2026-07-13","passed","2026-07-13","TestGenericFlow","test_generic_foodFlow","",""
"Test resetting daily water target","4225","Verify Daily water Target intake can be reset and should revert to initial value","tests.temp.Food","2026-07-13","failed","2026-07-13","TestSetTargets","test_set_targets","",""
"Test saving targets and verifying on dashboard","2319","Verify user can save the targets and should be able to see the updated values on Food Dashboard page","tests.temp.Food","2026-07-13","broken","2026-07-13","TestSetTargets","test_set_targets","",""
"","898","Verify Recent Logs displays data for the filter 'Year' as the added data lies within the year","tests.temp.Health","2026-07-13","passed","2026-07-13","TestHealthWeight","test_weight","",""
"","3091","Verify 'Progress' label is displayed in main food dashboard","tests.temp.Food","2026-07-13","passed","2026-07-13","TestGenericFlow","test_generic_foodFlow","",""
"","4721","As a user, when I do invalid search, list should return empty","tests.temp.zHabiRecipes","2026-07-13","passed","2026-07-13","TestRecipes","test_recipes4","",""
"","275","Verify added exercise entry is displayed correctly in list view","tests.temp.Health","2026-07-13","passed","2026-07-13","TestHealthExercise","test_exercise","",""
"","2524","Verify user can delete weight and but saying NO, shouldn't delete weight","tests.temp.Health","2026-07-13","passed","2026-07-13","TestHealthWeight","test_weight","",""
"","11841","Verify user can edit target weight set","tests.temp.Health","2026-07-13","passed","2026-07-13","TestHealthWeight","test_weight","",""
"","21915","validate Regenerate Recipe functionality","tests.temp.zHabiRecipes","2026-07-13","passed","2026-07-13","TestRecipes","test_recipes2","",""
"Test Snap functionality","2435","Verify first time snap user greeted with welcome page and validate all the elements and text","tests.temp.Food","2026-07-13","passed","2026-07-13","TestSnap","test_snap","",""
"","21151","Verify chef curated can be filtered based on specific tag==Low-Fat and validate only those curated recipes published from coach portal for selected Tag should be filtered with expected Name, cal & serving size","tests.temp","2026-07-13","passed","2026-07-13","TestChefCurated","test_curatedRecipes","",""
"","28144","Verify custom logged water intake reflects in water graph in main food dashboard page","tests.temp.WaterTracking","2026-07-13","broken","2026-07-13","TestWater","test_water","",""
"","1015","Verify Filter range buttons reflect the correct date range upon clicking Year filter","tests.temp.Health","2026-07-13","passed","2026-07-13","TestHealthWeight","test_weight","",""
"Test login functionality with valid credentials","20282","Verify 'Chef Curated' nav button is present when clicked through Recipes","tests.temp","2026-07-13","broken","2026-07-13","TestChefCurated","test_curatedRecipes","",""
"","14882","Verify floating action button for adding meals takes you to search Foods page","tests.temp.Food","2026-07-13","passed","2026-07-13","TestGenericFlow","test_generic_foodFlow","",""
"","2437","Validate user is brought back to view 'search the web' recipe page after logging the food when clicked Back button on Food Log page","tests.temp.Food","2026-07-13","passed","2026-07-13","TestSearchTheWeb","test_searchTheWeb","",""
"","20171","Verify 'Create Meal' button should be present in Food Log page now'","tests.temp.Food","2026-07-13","passed","2026-07-13","TestMyMeals","test_zmy_meals","",""
"Test login functionality with valid credentials","14623","Given course with one handout with force open content is enabled, when user logs into the app, then user should see the handout content opened in force manner","tests.temp.Learn","2026-07-13","passed","2026-07-13","TestLearn_forcOpenPdf","test_forceOpen","",""
"Test removing an added ingredient on the Add Ingredients page","5827","validate remove added ingredient functionality","tests.temp.zHabiRecipes","2026-07-13","passed","2026-07-13","TestRecipes","test_recipes3","",""
"","431","verify appropriate Total time is displayed for the published curated recipe","tests.temp","2026-07-13","passed","2026-07-13","TestChefCurated","test_curatedRecipes","",""
"","4271","when the user taps the selected tag again (or the ×) to remove the filter, then the filtered recipes should be cleared and all recipes should be displayed again","tests.temp","2026-07-13","passed","2026-07-13","TestChefCurated","test_curatedRecipes","",""
"","10698","Verify user can search for recipe==Egg and get results as per search term","tests.temp.Food","2026-07-13","passed","2026-07-13","TestSearchTheWeb","test_searchTheWeb","",""
"","116","Verify Recent Logs displays data for the filter 'Month' as the added data lies within the month","tests.temp.Health","2026-07-13","broken","2026-07-13","TestHealthHbA1c","test_hbA1c","",""
"","1929","Verify ENTRY_COUNT reflects the correct value after adding weight","tests.temp.Health","2026-07-13","passed","2026-07-13","TestHealthWeight","test_weight","",""
"As a new user, I should see a validation error when the current physical activity is not selected","6484","test_current_physical_activity","tests.temp","2026-07-13","passed","2026-07-13","TestGuidedTour","test_reg_banner","",""
"","20601","Verify set water intake target value reflects same in water graph in main food dashboard page","tests.temp.WaterTracking","2026-07-13","broken","2026-07-13","TestWater","test_water","",""
"","2505","Verify user can delete exercise and but saying YES, should delete exercise","tests.temp.Health","2026-07-13","passed","2026-07-13","TestHealthExercise","test_exercise","",""
"","1590","Verify user can edit added items from the meal","tests.temp.Food","2026-07-13","passed","2026-07-13","TestMyMeals","test_zmy_meals","",""
"","10623","verify user can view the chef curated recipes","tests.temp","2026-07-13","passed","2026-07-13","TestChefCurated","test_curatedRecipes","",""
"","1348","verify appropriate Recipe Instructions Tips are displayed for the published curated recipe","tests.temp","2026-07-13","passed","2026-07-13","TestChefCurated","test_curatedRecipes","",""
"","10114","Verify when logged food and custom food is deleted, 'ALL' sections update accordingly to empty list","tests.temp.Food","2026-07-13","passed","2026-07-13","TestGenericFlow","test_generic_foodFlow","",""
"","411","validate recipe attributes to selected food preference","tests.temp.zHabiRecipes","2026-07-13","passed","2026-07-13","TestRecipes","test_recipes2","",""
"","285","Verify delete button is displayed for added exercise entry","tests.temp.Health","2026-07-13","passed","2026-07-13","TestHealthExercise","test_exercise","",""
"","10120","Verify user can add exercise data==Other activity","tests.temp.Health","2026-07-13","passed","2026-07-13","TestHealthExercise","test_exercise","",""
"Test removing a recipe from favorites","7073","validate removing favorited recently generated recipes","tests.temp.zHabiRecipes","2026-07-13","passed","2026-07-13","TestRecipes","test_recipes1","",""
"","1017","Verify Filter range buttons reflect the correct date range upon clicking Week filter","tests.temp.Health","2026-07-13","passed","2026-07-13","TestHealthBloodPressure","test_BP","",""
"","332","Verify added weight entry is displayed correctly in list view","tests.temp.Health","2026-07-13","passed","2026-07-13","TestHealthWeight","test_weight","",""
"","22424","As a user, I want to see the ingredients added when I view the page","tests.temp.zHabiRecipes","2026-07-13","passed","2026-07-13","TestRecipes","test_recipes4","",""
"","126","Given 1 chapter with 2 contents (both are handouts) are published, user should see only 1 chapter","tests.temp.Learn","2026-07-13","broken","2026-07-13","TestLearn","test_learn","",""
"Test case 2 description","8105","Verify user is able to add exercise","tests.temp.Health","2026-07-13","passed","2026-07-13","TestHealthExercise","test_exercise","",""
"Test login functionality with valid credentials","22914","Verify 'No data recorded' message displayed when no BP is recorded","tests.temp.Health","2026-07-13","passed","2026-07-13","TestHealthBloodPressure","test_BP","",""
"As a new user, I should see a validation error when the sex field is not filled","137","test_sexField_is_required","tests.temp","2026-07-13","broken","2026-07-13","TestGuidedTour","test_reg_banner","",""
"As a new user, I should see a validation error when the zipcode field is not filled","145","test_zipcodeField_is_required","tests.temp","2026-07-13","broken","2026-07-13","TestGuidedTour","test_reg_banner","",""
"","568","Verify entry date for added HbA1c is displayed correctly in list view","tests.temp.Health","2026-07-13","passed","2026-07-13","TestHealthHbA1c","test_hbA1c","",""
"","6497","Verify user can edit target weight set","tests.temp.Health","2026-07-13","passed","2026-07-13","TestHealthBloodPressure","test_BP","",""
"","285","Verify edit button is displayed for the added weight entry","tests.temp.Health","2026-07-13","passed","2026-07-13","TestHealthHbA1c","test_hbA1c","",""
"","1022","Verify Filter range buttons reflect the correct date range upon clicking Month filter","tests.temp.Health","2026-07-13","passed","2026-07-13","TestHealthBloodPressure","test_BP","",""
"Test generating a recipe with an ingredient that is already in hand","32520","validate generate recipe with in-hand ingredient functionality","tests.temp.zHabiRecipes","2026-07-13","passed","2026-07-13","TestRecipes","test_recipes3","",""
"Test the complete flow from home to generating a new recipe","32027","As a user When I click on the Generate New Recipe button, it should take me to Let's Set Your Preferences page","tests.temp.zHabiRecipes","2026-07-13","passed","2026-07-13","TestRecipes","test_recipes1","",""
"Test clicking the 'Generate New Recipe' button after the first recipe generation","814","validate now after first recipe generation, when clicked on 'Generate New Recipe Button', it should take to Add Ingredients page","tests.temp.zHabiRecipes","2026-07-13","passed","2026-07-13","TestRecipes","test_recipes3","",""
"","21316","Verify chef curated can be filtered based on specific tag==Carb-Conscious and validate only those curated recipes published from coach portal for selected Tag should be filtered with expected Name, cal & serving size","tests.temp","2026-07-13","passed","2026-07-13","TestChefCurated","test_curatedRecipes","",""
"","429","validate Log Recipe button is present in View recipe page","tests.temp.zHabiRecipes","2026-07-13","passed","2026-07-13","TestRecipes","test_recipes2","",""
"","9260","Verify user can add exercise using floating plus button","tests.temp.Health","2026-07-13","passed","2026-07-13","TestHealthExercise","test_exercise","",""
"","4707","Verify user cannot add Target exercise mins== 0 mins and should see error message==Minutes must be greater than or equal to 1","tests.temp.Health","2026-07-13","passed","2026-07-13","TestHealthExercise","test_exercise","",""
"","18463","Verify only those number of chef curated recipes published from coaches portal are present","tests.temp","2026-07-13","passed","2026-07-13","TestChefCurated","test_curatedRecipes","",""
"Test that all recipe tabs are visible and accessible","1365","Given the user is on the Recipe Book page, then all tabs such as Habi Recipes, Search Web, My Recipes, and Chef Curated should be visible","tests.temp.zHabiRecipes","2026-07-13","passed","2026-07-13","TestRecipes","test_recipes1","",""
"As a new user, I should see a validation error when the hypertension status is not selected","151","test_hypertension_status","tests.temp","2026-07-13","broken","2026-07-13","TestGuidedTour","test_reg_banner","",""
"","1479","Verify user cannot send empty message","tests.temp","2026-07-13","passed","2026-07-13","TestTalkToMyCoach","test_talk_toCoach","",""
"","9164","Verify calories of logged snapped food is displayed in food log page and calories, protein, carbs and fats are correctly saved","tests.temp.Food","2026-07-13","passed","2026-07-13","TestSnap","test_snap","",""
"","1298","As a user, when I erase search box, list should retain expected list items","tests.temp.zHabiRecipes","2026-07-13","passed","2026-07-13","TestRecipes","test_recipes4","",""
"","18820","Verify chef curated can be filtered based on specific tag==Lunch and validate only those curated recipes published from coach portal for selected Tag should be filtered with expected Name, cal & serving size","tests.temp","2026-07-13","passed","2026-07-13","TestChefCurated","test_curatedRecipes","",""
"","11922","Verify snapped food is saved and available in the custom food library","tests.temp.Food","2026-07-13","passed","2026-07-13","TestSnap","test_snap","",""
"Test searching for generated recipes","2646","As a user, I want to search for generated recipes","tests.temp.zHabiRecipes","2026-07-13","passed","2026-07-13","TestRecipes","test_recipes4","",""
"","5299","validate flow when 'Add ingredient' button is part of preferences, then after preference page, ingredient page should be displayed","tests.temp.zHabiRecipes","2026-07-13","passed","2026-07-13","TestRecipes","test_recipes4","",""
"","4545","Validate curated recipe name, nutrition data in food Log page","tests.temp","2026-07-13","passed","2026-07-13","TestChefCurated","test_curatedRecipes","",""
"","569","Verify added HbA1c entry is displayed correctly in list view","tests.temp.Health","2026-07-13","passed","2026-07-13","TestHealthHbA1c","test_hbA1c","",""
"","8953","Verify user is displayed with nutritional values against nutrient types","tests.temp.Food","2026-07-13","passed","2026-07-13","TestFoodNutrientViewDetails","test_viewDetails","",""
"Test navigating back to the recipes list","2177","validate navigation back to recipes from view page","tests.temp.zHabiRecipes","2026-07-13","passed","2026-07-13","TestRecipes","test_recipes2","",""
"","5316","Verify user can see nutritional details fields after completing analysis","tests.temp.Food","2026-07-13","passed","2026-07-13","TestSnap","test_snap","",""
"Test editing preferences after generating a recipe","20183","validate set preference is seen retained ","tests.temp.zHabiRecipes","2026-07-13","broken","2026-07-13","TestRecipes","test_recipes2","",""
"","1394","Verify error messages when trying to save a meal without required fields such as Empty Meal Name and No food items added to the meal list","tests.temp.Food","2026-07-13","passed","2026-07-13","TestMyMeals","test_zmy_meals","",""
"","22519","Verify chef curated can be filtered based on specific tag==Plate Method Friendly and validate only those curated recipes published from coach portal for selected Tag should be filtered with expected Name, cal & serving size","tests.temp","2026-07-13","passed","2026-07-13","TestChefCurated","test_curatedRecipes","",""
"Test validating the generated recipe with ingredients that are in hand","447","validate generated recipe with ingredients in hand present in the recipe_list","tests.temp.zHabiRecipes","2026-07-13","passed","2026-07-13","TestRecipes","test_recipes4","",""
"","6545","Verify when user clicks on View Details button, it should navigate to Nutrition Details page","tests.temp.Food","2026-07-13","passed","2026-07-13","TestFoodNutrientViewDetails","test_viewDetails","",""
"As a new user, I should see a validation error when the diabetes status is not selected","20159","test_diabetes_status","tests.temp","2026-07-13","broken","2026-07-13","TestGuidedTour","test_reg_banner","",""
"Test Snap functionality","8888","Verify user can select photo from gallery for food snap and analysis","tests.temp.Food","2026-07-13","passed","2026-07-13","TestSnap","test_snap","",""
"Test login functionality with valid credentials","23383","Verify clicking 'Talk to my coach' navigates to chatting area","tests.temp","2026-07-13","passed","2026-07-13","TestTalkToMyCoach","test_talk_toCoach","",""
"","2779","Verify user should be able to see recipe details when clicked on recipe from search results","tests.temp.Food","2026-07-13","passed","2026-07-13","TestSearchTheWeb","test_searchTheWeb","",""
"Test editing carbohydrate value","140","Verify user can edit carb value and when trying to save should get 'Macronutrient percentages must sum to 100' error message if all of protein, fat & carb do not amount to 100%","tests.temp.Food","2026-07-13","broken","2026-07-13","TestSetTargets","test_set_targets","",""
"","3880","verify appropriate Nutritional Info such as cal, protein, carbs, fat is displayed for the published curated recipe","tests.temp","2026-07-13","passed","2026-07-13","TestChefCurated","test_curatedRecipes","",""
"Test favoriting a recipe from recently generated list","3854","validate recipe can be favorited from view page","tests.temp.zHabiRecipes","2026-07-13","passed","2026-07-13","TestRecipes","test_recipes2","",""
"","25927","Verify chef curated can be filtered based on specific tag==Snack and validate only those curated recipes published from coach portal for selected Tag should be filtered with expected Name, cal & serving size","tests.temp","2026-07-13","passed","2026-07-13","TestChefCurated","test_curatedRecipes","",""
"","1810","Verify ENTRY_COUNT reflects the correct value after adding Blood pressure","tests.temp.Health","2026-07-13","passed","2026-07-13","TestHealthHbA1c","test_hbA1c","",""
"","5448","Verify user can edit target HbA1c set","tests.temp.Health","2026-07-13","passed","2026-07-13","TestHealthHbA1c","test_hbA1c","",""
"","23781","Verify chef curated can be filtered based on specific tag==No Cook and validate only those curated recipes published from coach portal for selected Tag should be filtered with expected Name, cal & serving size","tests.temp","2026-07-13","passed","2026-07-13","TestChefCurated","test_curatedRecipes","",""
"","277","Verify delete button is displayed for the added weight entry","tests.temp.Health","2026-07-13","passed","2026-07-13","TestHealthHbA1c","test_hbA1c","",""
"","2214","Verify user be able to log all 3 foods in Henrnr as Breakfast","tests.temp.Food","2026-07-13","passed","2026-07-13","TestMyMeals","test_zmy_meals","",""
"","282","Verify month and year displayed in month header is correct","tests.temp.Health","2026-07-13","passed","2026-07-13","TestHealthExercise","test_exercise","",""
"Test searching for ingredients on the Add Ingredients page","3918","validate search ingredients functionality","tests.temp.zHabiRecipes","2026-07-13","passed","2026-07-13","TestRecipes","test_recipes3","",""
"","2594","Verify user cannot save HbA1c entry without filling HbA1c data and should display error message","tests.temp.Health","2026-07-13","passed","2026-07-13","TestHealthHbA1c","test_hbA1c","",""
"","8916","Verify curated recipes can be logged as food","tests.temp","2026-07-13","passed","2026-07-13","TestChefCurated","test_curatedRecipes","",""
"","2687","Verify Recent Logs displays the edited Blood pressure entry with correct details","tests.temp.Health","2026-07-13","passed","2026-07-13","TestHealthBloodPressure","test_BP","",""
"","178","Validate user can click/access on handout1","tests.temp.Learn","2026-07-13","broken","2026-07-13","TestLearn","test_learn","",""
"","35523","As a user, I want to delete Recipe from View Recipe page","tests.temp.zHabiRecipes","2026-07-13","passed","2026-07-13","TestRecipes","test_recipes4","",""
"","14496","Verify 'scan barcode' option available in Add Food page opens up camera","tests.temp.Food","2026-07-13","passed","2026-07-13","TestGenericFlow","test_generic_foodFlow","",""
"Test that all home screen elements are properly displayed","14584","Given the user is on the home screen, when they open the app, then all elements should be visible","tests.temp.zHabiRecipes","2026-07-13","passed","2026-07-13","TestRecipes","test_recipes1","",""
"","19276","Verify chef curated can be filtered based on specific tag==Breakfast and validate only those curated recipes published from coach portal for selected Tag should be filtered with expected Name, cal & serving size","tests.temp","2026-07-13","passed","2026-07-13","TestChefCurated","test_curatedRecipes","",""
"","57700","Verify user is able to receive messages with attachments","tests.temp","2026-07-13","broken","2026-07-13","TestTalkToMyCoach","test_talk_toCoach","",""
"","55585","Verify user can create my meals with more than 2 items successfully & validate toast message=='Meal created'","tests.temp.Food","2026-07-13","passed","2026-07-13","TestMyMeals","test_zmy_meals","",""
"","2467","Verify user can delete weight and but saying NO, shouldn't delete weight","tests.temp.Health","2026-07-13","passed","2026-07-13","TestHealthBloodPressure","test_BP","",""
"As a new user, I should see a validation error when the address line 1 field is not filled","138","test_addressField_isRequired","tests.temp","2026-07-13","broken","2026-07-13","TestGuidedTour","test_reg_banner","",""
"","95","test_regPage3","tests.temp","2026-07-13","broken","2026-07-13","TestGuidedTour","test_reg_banner","",""
"Test clicking the disclaimer button","21562","validate disclaimer button functionality and its content","tests.temp.zHabiRecipes","2026-07-13","broken","2026-07-13","TestRecipes","test_recipes2","",""
"","23819","Verify 'No data recorded' message displayed when no weights are recorded","tests.temp.Health","2026-07-13","passed","2026-07-13","TestHealthWeight","test_weight","",""
"","895","Verify Recent Logs displays data for the filter 'Month' as the added data lies within the month","tests.temp.Health","2026-07-13","passed","2026-07-13","TestHealthBloodPressure","test_BP","",""
"","4467","Verify user cannot edit calorie targets data for past dates","tests.temp.Food","2026-07-13","broken","2026-07-13","TestSetTargets","test_set_targets","",""
"Test resetting daily fiber target","4092","Verify Daily Fiber Target intake can be reset and should revert to initial value","tests.temp.Food","2026-07-13","failed","2026-07-13","TestSetTargets","test_set_targets","",""
"As a new user, I should be able to proceed when the terms and conditions checkbox is checked","207","test_checkbox_checked","tests.temp","2026-07-13","broken","2026-07-13","TestGuidedTour","test_reg_banner","",""
"","20123","Verify 'Chef Curated' expected tags are present and display all available tags when view more is clicked","tests.temp","2026-07-13","broken","2026-07-13","TestChefCurated","test_curatedRecipes","",""
"Test Snap functionality","4212","Verify first time snap user greeted with welcome page and when clicked on 'Let's Snap!' button takes you to camera taking or photo library","tests.temp.Food","2026-07-13","passed","2026-07-13","TestSnap","test_snap","",""
"Test editing daily fiber target using decrementor button","2898","Verify Daily Fiber Target intake can be edited using decrementor button and should be decremented by 1 unit on each click","tests.temp.Food","2026-07-13","passed","2026-07-13","TestSetTargets","test_set_targets","",""
"","920","Verify Recent Logs displays data for the filter 'All' irrespective of the range","tests.temp.Health","2026-07-13","passed","2026-07-13","TestHealthBloodPressure","test_BP","",""
"","152","Validate nutritional data is same in 'search the web' view recipe page and the list page","tests.temp.Food","2026-07-13","broken","2026-07-13","TestSearchTheWeb","test_searchTheWeb","",""
"","23854","Verify chef curated can be filtered based on specific tag==Blood Sugar Friendly and validate only those curated recipes published from coach portal for selected Tag should be filtered with expected Name, cal & serving size","tests.temp","2026-07-13","passed","2026-07-13","TestChefCurated","test_curatedRecipes","",""
"","22806","Verify clicking 'Talk to my team' navigates to create discussion page","tests.temp.DiscussionForum","2026-07-13","passed","2026-07-13","TestDiscussionForum","test_discuss","",""
"","302","Verify added BP entry is displayed correctly in list view","tests.temp.Health","2026-07-13","passed","2026-07-13","TestHealthBloodPressure","test_BP","",""
"","3799","Verify error messages when trying to save a meal with No food items added to the meal list but Meal Name is given","tests.temp.Food","2026-07-13","passed","2026-07-13","TestMyMeals","test_zmy_meals","",""
"Test elements on the Add Ingredients page","478","validate add ingredients page elements","tests.temp.zHabiRecipes","2026-07-13","passed","2026-07-13","TestRecipes","test_recipes3","",""
"","10717","Verify favorited 'Search the web' recipe is found in Favorites library","tests.temp","2026-07-13","passed","2026-07-13","TestChefCurated","test_curatedRecipes","",""
"","2490","Verify user can delete weight and but saying NO, shouldn't delete weight","tests.temp.Health","2026-07-13","passed","2026-07-13","TestHealthHbA1c","test_hbA1c","",""
"Test the Food Allergies page","5051","As a user When I click on the Food Allergies button, it should take me to Food Allergies page","tests.temp.zHabiRecipes","2026-07-13","passed","2026-07-13","TestRecipes","test_recipes1","",""
"","2512","Validate nutritional data is same in food logged and 'search the web' recipe page","tests.temp.Food","2026-07-13","failed","2026-07-13","TestSearchTheWeb","test_searchTheWeb","",""
"","10346","Verify user should be able to see coach posted discussions in user's cohort","tests.temp.DiscussionForum","2026-07-13","passed","2026-07-13","TestDiscussionForum","test_discuss","",""
"Test login functionality with valid credentials","49921","Verify 'search the web' nav button is present when clicked through recipes","tests.temp.Food","2026-07-13","passed","2026-07-13","TestSearchTheWeb","test_searchTheWeb","",""
"","288","Verify date picker should be TODAY if user data is current date","tests.temp.WaterTracking","2026-07-13","passed","2026-07-13","TestWater","test_water","",""
"","1662","Validate Ingredients details for 'Search the web' recipe are not empty","tests.temp.Food","2026-07-13","passed","2026-07-13","TestSearchTheWeb","test_searchTheWeb","",""
"","4694","Verify user cannot save HbA1c entry<=4","tests.temp.Health","2026-07-13","passed","2026-07-13","TestHealthHbA1c","test_hbA1c","",""
"","10549","Verify edited target HbA1c reflects the same on main page","tests.temp.Health","2026-07-13","passed","2026-07-13","TestHealthHbA1c","test_hbA1c","",""
"","2570","Verify user cannot edit Fiber targets data for past dates","tests.temp.Food","2026-07-13","failed","2026-07-13","TestSetTargets","test_set_targets","",""
"Test clicking on different recipe tabs","11568","Given the user is on the Recipe Book page, then all tabs should be clickable","tests.temp.zHabiRecipes","2026-07-13","passed","2026-07-13","TestRecipes","test_recipes1","",""
"","14194","Verify floating meal options when clicked, navigates to Add Food page","tests.temp.Food","2026-07-13","passed","2026-07-13","TestGenericFlow","test_generic_foodFlow","",""
"","508","Verify cohort label shows expected cohort name for the logged in user","tests.temp.DiscussionForum","2026-07-13","passed","2026-07-13","TestDiscussionForum","test_discuss","",""
"","480","Verify 'Create Meal' button is present when navigated to My Meals","tests.temp.Food","2026-07-13","passed","2026-07-13","TestMyMeals","test_zmy_meals","",""
"","0","verify appropriate recipe description is displayed for the published curated recipe","tests.temp","2026-07-13","passed","2026-07-13","TestChefCurated","test_curatedRecipes","",""
"","1014","Verify Filter range buttons reflect the correct date range upon clicking Year filter","tests.temp.Health","2026-07-13","passed","2026-07-13","TestHealthExercise","test_exercise","",""
"","5404","Verify user can add a comment to user's own post and validate comment is retained and displayed with timestamp","tests.temp.DiscussionForum","2026-07-13","passed","2026-07-13","TestDiscussionForum","test_discuss","",""
"","3513","Verify error message=='Min value is 1 g' is displayed when user tries to save empty fiber target","tests.temp.Food","2026-07-13","passed","2026-07-13","TestSetTargets","test_set_targets","",""
"","1228","Verify user created post is displayed after creation with data such as poster name, posted date, message and description","tests.temp.DiscussionForum","2026-07-13","passed","2026-07-13","TestDiscussionForum","test_discuss","",""
"Test the Diet Type page","5191","As a user When I click on the Diet Type button, it should take me to Diet Type page","tests.temp.zHabiRecipes","2026-07-13","passed","2026-07-13","TestRecipes","test_recipes1","",""
"","975","Verify weight list page loaded with correct UI elements","tests.temp.Health","2026-07-13","passed","2026-07-13","TestHealthWeight","test_weight","",""
"","354","Verify user can see 'Today' tag in the chat interface","tests.temp","2026-07-13","passed","2026-07-13","TestTalkToMyCoach","test_talk_toCoach","",""
"Test logging a recipe","14560","validate logging a recipe from recently generated recipes","tests.temp.zHabiRecipes","2026-07-13","passed","2026-07-13","TestRecipes","test_recipes1","",""
"","4146","verify invalid search shows message==","tests.temp","2026-07-13","passed","2026-07-13","TestChefCurated","test_curatedRecipes","",""
"","1191","Verify user edited HbA1c reflects in main weight page","tests.temp.Health","2026-07-13","passed","2026-07-13","TestHealthHbA1c","test_hbA1c","",""
"Test login functionality with valid credentials","23867","Verify 'No data recorded' message displayed when no weights are recorded","tests.temp.Health","2026-07-13","passed","2026-07-13","TestHealthExercise","test_exercise","",""
"Test user can access Learn section","21237","Verify user sees videos section replaced by Learn when course is added to users program/cohort","tests.temp.Learn","2026-07-13","broken","2026-07-13","TestLearn","test_learn","",""
"","201","Verify No Recipes Found please check your search term in 'Search the web' page when no recipes found","tests.temp.Food","2026-07-13","passed","2026-07-13","TestSearchTheWeb","test_searchTheWeb","",""
"","2139","Verify bp list page loaded with correct UI elements","tests.temp.Health","2026-07-13","passed","2026-07-13","TestHealthBloodPressure","test_BP","",""
"","3471","Verify appropriate messages are displayed when no posts are available under 'Pinned Posts'","tests.temp.DiscussionForum","2026-07-13","passed","2026-07-13","TestDiscussionForum","test_discuss","",""
"","2536","Verify user close the exercise input field bottom sheet","tests.temp.Health","2026-07-13","passed","2026-07-13","TestHealthExercise","test_exercise","",""
"","7451","verify message==Do you want to log this recipe? and Log Recipe button is displayed in view curated recipe page","tests.temp","2026-07-13","passed","2026-07-13","TestChefCurated","test_curatedRecipes","",""
"","362","Verify user should see 'No reactions yet' to the post when there are no reactions","tests.temp.DiscussionForum","2026-07-13","passed","2026-07-13","TestDiscussionForum","test_discuss","",""
"","3971","Verify user cannot save HbA1c entry>=14","tests.temp.Health","2026-07-13","passed","2026-07-13","TestHealthHbA1c","test_hbA1c","",""
"","15972","Validate recipe details such as 'fav', 'click here', 'Nutritional Info', 'Ingredients', 'Instructions' are displayed in the page for 'search the web' results","tests.temp.Food","2026-07-13","passed","2026-07-13","TestSearchTheWeb","test_searchTheWeb","",""
"","1022","Verify Filter range buttons reflect the correct date range upon clicking Week filter","tests.temp.Health","2026-07-13","passed","2026-07-13","TestHealthExercise","test_exercise","",""
"","4271","Validate content 1 is marked as READ when user watches it","tests.temp.Learn","2026-07-13","broken","2026-07-13","TestLearn","test_learn","",""
"","9173","lets generate a recipe with Food_preference==Food Allergies and type==Wheat","tests.temp.zHabiRecipes","2026-07-13","passed","2026-07-13","TestRecipes","test_recipes1","",""
"","759","Validate 'Log Recipe' option is available in the list page for 'search the web' recipe","tests.temp.Food","2026-07-13","passed","2026-07-13","TestSearchTheWeb","test_searchTheWeb","",""
"","7712","Verify searched and logged food is listed and retained under FREQUENT category","tests.temp.Food","2026-07-13","passed","2026-07-13","TestGenericFlow","test_generic_foodFlow","",""
"","20633","validate clicking on back to recipes while recipe is generating, successfully generates a recipe","tests.temp.zHabiRecipes","2026-07-13","passed","2026-07-13","TestRecipes","test_recipes4","",""
"","4105","Verify Recent Logs","tests.temp.Health","2026-07-13","passed","2026-07-13","TestHealthExercise","test_exercise","",""
"","34601","Verify user is able to receive messages sent by coach","tests.temp","2026-07-13","passed","2026-07-13","TestTalkToMyCoach","test_talk_toCoach","",""
"","4574","Verify searched and logged food is listed and retained under ALL category","tests.temp.Food","2026-07-13","passed","2026-07-13","TestGenericFlow","test_generic_foodFlow","",""
"","1328","Verify user see water_buttons options","tests.temp.WaterTracking","2026-07-13","passed","2026-07-13","TestWater","test_water","",""
"As a new user, I should see a validation error when the goal weight is not selected","4672","test_goalweight","tests.temp","2026-07-13","passed","2026-07-13","TestGuidedTour","test_reg_banner","",""
"","2659","Verify Recent Logs displays the edited HbA1c entry with correct details","tests.temp.Health","2026-07-13","passed","2026-07-13","TestHealthHbA1c","test_hbA1c","",""
"Test the Let's Set Your Preferences page","1791","As a user When I click on the Generate New Recipe button, it should take me to Let's Set Your Preferences page","tests.temp.zHabiRecipes","2026-07-13","passed","2026-07-13","TestRecipes","test_recipes1","",""
"","25454","Verify chef curated can be filtered based on specific tag==Quick & Easy and validate only those curated recipes published from coach portal for selected Tag should be filtered with expected Name, cal & serving size","tests.temp","2026-07-13","passed","2026-07-13","TestChefCurated","test_curatedRecipes","",""
"","5922","validate Add Ingredients is Selected when tried to set preferences/Generate new recipe ","tests.temp.zHabiRecipes","2026-07-13","passed","2026-07-13","TestRecipes","test_recipes4","",""
"Test Set Targets page date display","145","Verify if user is on current date and clicks on set targets and set targets page date should display Today, current date","tests.temp.Food","2026-07-13","broken","2026-07-13","TestSetTargets","test_set_targets","",""
"Test Snap functionality","4384","Verify user should see 'Analysis Complete. Review and edit details below.' page after completeing analysis","tests.temp.Food","2026-07-13","passed","2026-07-13","TestSnap","test_snap","",""
"Test resetting targets to default values","20982","Verify user when clicked on calorie 'Reset to Default' button, then calorie target, carb, protein, and fat should reset to default values","tests.temp.Food","2026-07-13","broken","2026-07-13","TestSetTargets","test_set_targets","",""
"","102","Verify 'Chef Curated' nav button is clickable","tests.temp","2026-07-13","broken","2026-07-13","TestChefCurated","test_curatedRecipes","",""
"Test editing daily water target using decrementor button","2954","Verify Daily Water Target intake can be edited using decrementor button and should be decremented by 1 unit on each click","tests.temp.Food","2026-07-13","passed","2026-07-13","TestSetTargets","test_set_targets","",""
"","2327","Verify user can view BP entry and validate details","tests.temp.Health","2026-07-13","passed","2026-07-13","TestHealthBloodPressure","test_BP","",""
"","2404","Verify ENTRY_COUNT reflects the correct value after adding Blood pressure","tests.temp.Health","2026-07-13","passed","2026-07-13","TestHealthBloodPressure","test_BP","",""
"","1326","Verify user should be able to add reactions to coach posted discussions in user's cohort","tests.temp.DiscussionForum","2026-07-13","passed","2026-07-13","TestDiscussionForum","test_discuss","",""
"","13764","Validate 'click here to view the full recipe' button leaves the app and opens the recipe in external browser","tests.temp.Food","2026-07-13","passed","2026-07-13","TestSearchTheWeb","test_searchTheWeb","",""
"","120","Verify Recent Logs displays data for the filter 'Week' as the added data lies within the week","tests.temp.Health","2026-07-13","broken","2026-07-13","TestHealthHbA1c","test_hbA1c","",""
"","50958","Verify custom food section can be createdby filling custom form","tests.temp.Food","2026-07-13","passed","2026-07-13","TestGenericFlow","test_generic_foodFlow","",""
"As a new user, I should see a validation error when the height inch is not selected","220","test_height_inch","tests.temp","2026-07-13","broken","2026-07-13","TestGuidedTour","test_reg_banner","",""
"","2900","Verify BP addition form has correct fields","tests.temp.Health","2026-07-13","passed","2026-07-13","TestHealthBloodPressure","test_BP","",""
"","15709","Verify custom foods can be logged as a food","tests.temp.Food","2026-07-13","passed","2026-07-13","TestGenericFlow","test_generic_foodFlow","",""
"","21978","Verify chef curated can be filtered based on specific tag==High-Protein and validate only those curated recipes published from coach portal for selected Tag should be filtered with expected Name, cal & serving size","tests.temp","2026-07-13","passed","2026-07-13","TestChefCurated","test_curatedRecipes","",""
"","5449","Verify user cannot add exercise mins== 0 mins and should see error message==Minutes must be greater than or equal to 1","tests.temp.Health","2026-07-13","passed","2026-07-13","TestHealthExercise","test_exercise","",""
"","20160","Given course is published for week1 only, and the user is in week1, then validate published date should be latest monday dated of the week1","tests.temp.Learn","2026-07-13","broken","2026-07-13","TestLearn","test_learn","",""
"","7310","validate Delete Recipe button is present in View recipe page","tests.temp.zHabiRecipes","2026-07-13","passed","2026-07-13","TestRecipes","test_recipes2","",""
"","4638","Verify user can upload photo for my meal","tests.temp.Food","2026-07-13","passed","2026-07-13","TestMyMeals","test_zmy_meals","",""
"","21164","Verify user can track water by directly clicking on available options such as 16 oz","tests.temp.WaterTracking","2026-07-13","broken","2026-07-13","TestWater","test_water","",""
"","23922","Verify user can delete tracked waterIntake","tests.temp.WaterTracking","2026-07-13","broken","2026-07-13","TestWater","test_water","",""
"Test the LOCAL_FOOD_PREFERENCES page","4284","As a user When I click on the LOCAL_FOOD_PREFERENCES button, it should take me to LOCAL_FOOD_PREFERENCES page","tests.temp.zHabiRecipes","2026-07-13","passed","2026-07-13","TestRecipes","test_recipes1","",""
"","1621","Verify 'scan barcode' option available in Main food dashboard opens up camera","tests.temp.Food","2026-07-13","passed","2026-07-13","TestGenericFlow","test_generic_foodFlow","",""
"","40314","Verify user sees videos section replaced by Learn when course is added to users program/cohort","tests.temp.Learn","2026-07-13","failed","2026-07-13","TestLearn","test_learn","",""
"","20642","Verify default_water_quantity_to_track in main food dashboard page should be 8 oz","tests.temp.WaterTracking","2026-07-13","broken","2026-07-13","TestWater","test_water","",""
"","402","verify appropriate prep time is displayed for the published curated recipe","tests.temp","2026-07-13","passed","2026-07-13","TestChefCurated","test_curatedRecipes","",""
"Test selecting all preferences","19089","As a user When I click on the SELECT_ALL_PREFERENCES button, it should select all preferences and subsequently relevant preference pages load","tests.temp.zHabiRecipes","2026-07-13","passed","2026-07-13","TestRecipes","test_recipes1","",""
"","313","Verify target HbA1c is displayed correctly","tests.temp.Health","2026-07-13","passed","2026-07-13","TestHealthHbA1c","test_hbA1c","",""
"Test set targets functionality","105","Verify user can set water target in OUNCE (oz)","tests.temp.WaterTracking","2026-07-13","broken","2026-07-13","TestWater","test_water","",""
"As a new user, I should see the 'Hi, I’m Habi!' greeting page after finishing the onboarding process","20389","test_im_habi_page","tests.temp","2026-07-13","broken","2026-07-13","TestGuidedTour","test_reg_banner","",""
"Test editing daily fiber target using incrementor button","3246","Verify Daily Fiber Target intake can be edited using incrementor button and should be incremented by 1 unit on each click","tests.temp.Food","2026-07-13","passed","2026-07-13","TestSetTargets","test_set_targets","",""
"","2845","Verify clicking Add BP button opens Add BP form","tests.temp.Health","2026-07-13","passed","2026-07-13","TestHealthBloodPressure","test_BP","",""
"As a new user, I should see a validation error when the terms and conditions checkbox is not checked","159","test_checkbox_unchecked","tests.temp","2026-07-13","broken","2026-07-13","TestGuidedTour","test_reg_banner","",""
"","293","Verify entry date for added weight is displayed correctly in list view","tests.temp.Health","2026-07-13","passed","2026-07-13","TestHealthWeight","test_weight","",""
"","896","Verify Recent Logs displays data for the filter 'Week' as the added data lies within the week","tests.temp.Health","2026-07-13","passed","2026-07-13","TestHealthBloodPressure","test_BP","",""
"","11365","Verify when logged food and custom food is deleted, 'FREQUENT' sections update accordingly to empty list","tests.temp.Food","2026-07-13","passed","2026-07-13","TestGenericFlow","test_generic_foodFlow","",""
"","751","Verify nutrient data is same across pages that is on search food list and on create my meals page","tests.temp.Food","2026-07-13","broken","2026-07-13","TestMyMeals","test_zmy_meals","",""
"","46694","given course published is for week1, and user program start date is yet to reach week1, then user should still see Learn section but with message displayed==No content available for this course.","tests.temp.Learn","2026-07-13","broken","2026-07-13","TestLearn","test_learn","",""
"","381","validate Regenerate Recipe button is present in View recipe page","tests.temp.zHabiRecipes","2026-07-13","passed","2026-07-13","TestRecipes","test_recipes2","",""
"As a new user, I should see a validation error when the timezone field is not filled","134","test_timezoneField_is_required","tests.temp","2026-07-13","broken","2026-07-13","TestGuidedTour","test_reg_banner","",""
"As a new user, I should be able to decrement the weight using the decrementor","771","test_weightDecrementor","tests.temp","2026-07-13","broken","2026-07-13","TestGuidedTour","test_reg_banner","",""
"","4233","Validate user can unfav the fav 'search the web' recipe","tests.temp.Food","2026-07-13","passed","2026-07-13","TestSearchTheWeb","test_searchTheWeb","",""
"","1014","Verify Filter range buttons reflect the correct date range upon clicking Week filter","tests.temp.Health","2026-07-13","passed","2026-07-13","TestHealthWeight","test_weight","",""
"","5333","Validate 'click here to view the full recipe' link-button leaves the app and opens the recipe in external browser","tests.temp.Food","2026-07-13","passed","2026-07-13","TestSearchTheWeb","test_searchTheWeb","",""
"","6638","Verify user can set targets for exercise and it should reflect same","tests.temp.Health","2026-07-13","passed","2026-07-13","TestHealthExercise","test_exercise","",""
"","94","test_regPage4","tests.temp","2026-07-13","broken","2026-07-13","TestGuidedTour","test_reg_banner","",""
"","1518","Verify 'search the web' button is clickable","tests.temp.Food","2026-07-13","passed","2026-07-13","TestSearchTheWeb","test_searchTheWeb","",""
"","6942","Verify units of nutrients are displayed correctly","tests.temp.Food","2026-07-13","passed","2026-07-13","TestGenericFlow","test_generic_foodFlow","",""
"","21231","Verify user can add/track water intake from food dashboard","tests.temp.WaterTracking","2026-07-13","broken","2026-07-13","TestWater","test_water","",""
"Test login functionality with valid credentials","16971","Verify user see log water option on food page","tests.temp.WaterTracking","2026-07-13","passed","2026-07-13","TestWater","test_water","",""
"","8322","Validate user should see favorited recipe in 'Search the Web' search/list page","tests.temp.Food","2026-07-13","passed","2026-07-13","TestSearchTheWeb","test_searchTheWeb","",""
"","4216","Verify user can set reminder for Morning","tests.temp.WaterTracking","2026-07-13","passed","2026-07-13","TestWater","test_water","",""
"","7929","validate recipe can be removed from favorites from view page","tests.temp.zHabiRecipes","2026-07-13","passed","2026-07-13","TestRecipes","test_recipes2","",""
"","11666","Verify edited target Blood Pressure reflects the same on main page","tests.temp.Health","2026-07-13","passed","2026-07-13","TestHealthBloodPressure","test_BP","",""
"","18789","Verify chef curated can be filtered based on specific tag==Dinner and validate only those curated recipes published from coach portal for selected Tag should be filtered with expected Name, cal & serving size","tests.temp","2026-07-13","passed","2026-07-13","TestChefCurated","test_curatedRecipes","",""
"","276","Verify exercise entry count is displayed correctly","tests.temp.Health","2026-07-13","passed","2026-07-13","TestHealthExercise","test_exercise","",""
"","294","Verify edit button is displayed for added exercise entry","tests.temp.Health","2026-07-13","passed","2026-07-13","TestHealthExercise","test_exercise","",""
"","20811","Verify user can track water for previous dates","tests.temp.WaterTracking","2026-07-13","broken","2026-07-13","TestWater","test_water","",""
"","14276","Verify curated recipe names, servings & calories from iOS app match those from coach portal","tests.temp","2026-07-13","passed","2026-07-13","TestChefCurated","test_curatedRecipes","",""
"","295","Verify 'No data' is displayed when no meals are added","tests.temp.Food","2026-07-13","passed","2026-07-13","TestMyMeals","test_zmy_meals","",""
"","7581","Verify custom foods can be edited","tests.temp.Food","2026-07-13","passed","2026-07-13","TestGenericFlow","test_generic_foodFlow","",""
"","8008","Verify user can see edited nutritional details are retained in the textfields","tests.temp.Food","2026-07-13","passed","2026-07-13","TestSnap","test_snap","",""
"","124","Verify user can see water logged time and validate the time is captured correctly","tests.temp.WaterTracking","2026-07-13","broken","2026-07-13","TestWater","test_water","",""
"As a new user, I should be able to increment the goal weight using the incrementor","1390","test_goalweightIncrementor","tests.temp","2026-07-13","passed","2026-07-13","TestGuidedTour","test_reg_banner","",""
"","2545","Verify user can delete exercise and but saying NO, shouldn't delete exercise","tests.temp.Health","2026-07-13","passed","2026-07-13","TestHealthExercise","test_exercise","",""
"","3374","Verify user can remove a custom set reminder","tests.temp.WaterTracking","2026-07-13","passed","2026-07-13","TestWater","test_water","",""
"","2537","Verify 3 items should be logged under Breakfast","tests.temp.Food","2026-07-13","failed","2026-07-13","TestMyMeals","test_zmy_meals","",""
"","1011","Verify Filter range buttons reflect the correct date range upon clicking Month filter","tests.temp.Health","2026-07-13","passed","2026-07-13","TestHealthWeight","test_weight","",""
"","24629","Verify user can track custom level water intake","tests.temp.WaterTracking","2026-07-13","broken","2026-07-13","TestWater","test_water","",""
"","2777","Verify user cannot delete added items from the meal when clicks 'NO'","tests.temp.Food","2026-07-13","passed","2026-07-13","TestMyMeals","test_zmy_meals","",""
"","6006","Verify toaster message is displayed when user tries to save targets","tests.temp.Food","2026-07-13","passed","2026-07-13","TestSetTargets","test_set_targets","",""
"Test that all home screen elements are properly displayed","33626","Verify home screen is loaded correctly with all elements","tests.temp.zHabiRecipes","2026-07-13","passed","2026-07-13","TestRecipes","test_recipes2","",""
"","1116","verify appropriate Recipe Instructions is displayed for the published curated recipe","tests.temp","2026-07-13","passed","2026-07-13","TestChefCurated","test_curatedRecipes","",""
