"Status","Start Time","Stop Time","Duration in ms","Parent Suite","Suite","Sub Suite","Test Class","Test Method","Name","Description"
"passed","Wed Mar 25 22:00:11 UTC 2026","Wed Mar 25 22:00:12 UTC 2026","409","HabitNuWebAppSuite","2. Health Metrics","WebAppSanityPackage.TobaccoSection","WebAppSanityPackage.TobaccoSection","case10_editTargetWithNegatives","edit -  negative target values and assert messages",""
"passed","Wed Mar 25 21:58:42 UTC 2026","Wed Mar 25 21:58:42 UTC 2026","233","HabitNuWebAppSuite","2. Health Metrics","WebAppSanityPackage.ExerciseSection","WebAppSanityPackage.ExerciseSection","placeHolderOfTobaccoCountValueInputBox","verify placeholder - Exercise",""
"passed","Wed Mar 25 21:58:16 UTC 2026","Wed Mar 25 21:58:16 UTC 2026","37","HabitNuWebAppSuite","2. Health Metrics","WebAppSanityPackage.Hba1c","WebAppSanityPackage.Hba1c","noTargetSet","verify no target case",""
"broken","Wed Mar 25 22:00:56 UTC 2026","Wed Mar 25 22:01:16 UTC 2026","20039","HabitNuWebAppSuite","2. Health Metrics","WebAppSanityPackage.TobaccoSection","WebAppSanityPackage.TobaccoSection","case22","Click on tobacco , click on add new button and add tobacco for last month and and Total count of the day should be 0",""
"passed","Wed Mar 25 21:51:22 UTC 2026","Wed Mar 25 21:51:34 UTC 2026","11646","HabitNuWebAppSuite","2. Health Metrics","WebAppSanityPackage.Sugar_Section","WebAppSanityPackage.Sugar_Section","case1","Click on health tab and verify no data recorded yet in Blood Sugar section",""
"broken","Wed Mar 25 21:55:38 UTC 2026","Wed Mar 25 21:55:38 UTC 2026","19","HabitNuWebAppSuite","2. Health Metrics","WebAppSanityPackage.WebAppHealth_WeightSection","WebAppSanityPackage.WebAppHealth_WeightSection","case9","Add data as negative weight",""
"passed","Wed Mar 25 21:50:25 UTC 2026","Wed Mar 25 21:50:30 UTC 2026","4848","HabitNuWebAppSuite","2. Health Metrics","WebAppSanityPackage.BloodPressure_Section","WebAppSanityPackage.BloodPressure_Section","case15_verifyNoDataMessageAndAddButton","[MAIN CARD] Verify Blood Pressure widget displays 'No data recorded yet' message and Add New button",""
"broken","Wed Mar 25 21:58:24 UTC 2026","Wed Mar 25 21:58:25 UTC 2026","1136","HabitNuWebAppSuite","2. Health Metrics","WebAppSanityPackage.Hba1c","WebAppSanityPackage.Hba1c","editTargetButDoNotSave","edit target values and do click on 'x' mark and do not save",""
"passed","Wed Mar 25 21:51:12 UTC 2026","Wed Mar 25 21:51:21 UTC 2026","9050","HabitNuWebAppSuite","2. Health Metrics","WebAppSanityPackage.Sugar_Section","WebAppSanityPackage.Sugar_Section","editTargetButDoNotSave","edit target values and do click on 'x' mark and do not save",""
"broken","Wed Mar 25 22:00:42 UTC 2026","Wed Mar 25 22:00:44 UTC 2026","1087","HabitNuWebAppSuite","2. Health Metrics","WebAppSanityPackage.TobaccoSection","WebAppSanityPackage.TobaccoSection","case18_graphCase6","Load web app -> Click on Health section -> Tobacco section ->>It should verify all the values added in graph",""
"passed","Wed Mar 25 21:57:26 UTC 2026","Wed Mar 25 21:57:33 UTC 2026","6468","HabitNuWebAppSuite","2. Health Metrics","WebAppSanityPackage.Hba1c","WebAppSanityPackage.Hba1c","case1","Click on Health tab and verify 'No data recorded yet' in HbA1c section",""
"passed","Wed Mar 25 21:59:20 UTC 2026","Wed Mar 25 21:59:20 UTC 2026","550","HabitNuWebAppSuite","2. Health Metrics","WebAppSanityPackage.ExerciseSection","WebAppSanityPackage.ExerciseSection","case7","verify blank data in exercise section",""
"broken","Wed Mar 25 21:54:11 UTC 2026","Wed Mar 25 21:54:22 UTC 2026","10292","HabitNuWebAppSuite","2. Health Metrics","WebAppSanityPackage.WebAppHealth_WeightSection","WebAppSanityPackage.WebAppHealth_WeightSection","setNegativeTarget","enter negative target values and assert messages",""
"broken","Wed Mar 25 21:55:05 UTC 2026","Wed Mar 25 21:55:16 UTC 2026","10284","HabitNuWebAppSuite","2. Health Metrics","WebAppSanityPackage.WebAppHealth_WeightSection","WebAppSanityPackage.WebAppHealth_WeightSection","case4","verify last added monthly and yesterday's data in details page",""
"passed","Wed Mar 25 21:50:01 UTC 2026","Wed Mar 25 21:50:11 UTC 2026","10665","HabitNuWebAppSuite","2. Health Metrics","WebAppSanityPackage.BloodPressure_Section","WebAppSanityPackage.BloodPressure_Section","case1_addInitialBloodPressureData","[MAIN CARD] Navigate to Health tab and add initial blood pressure data using the Add New button",""
"passed","Wed Mar 25 21:59:24 UTC 2026","Wed Mar 25 21:59:33 UTC 2026","9016","HabitNuWebAppSuite","2. Health Metrics","WebAppSanityPackage.ExerciseSection","WebAppSanityPackage.ExerciseSection","case13","verify decimal data and DELETE ALL logs",""
"broken","Wed Mar 25 21:58:44 UTC 2026","Wed Mar 25 21:58:56 UTC 2026","12526","HabitNuWebAppSuite","2. Health Metrics","WebAppSanityPackage.ExerciseSection","WebAppSanityPackage.ExerciseSection","editTargetButDoNotSave","edit target values and do click on 'x' mark and do not save",""
"broken","Wed Mar 25 22:00:44 UTC 2026","Wed Mar 25 22:00:45 UTC 2026","1082","HabitNuWebAppSuite","2. Health Metrics","WebAppSanityPackage.TobaccoSection","WebAppSanityPackage.TobaccoSection","case19","Click on tobacco , click on add new button and add tobacco for last month and and Total count of the day should be 0",""
"passed","Wed Mar 25 21:50:11 UTC 2026","Wed Mar 25 21:50:18 UTC 2026","7147","HabitNuWebAppSuite","2. Health Metrics","WebAppSanityPackage.BloodPressure_Section","WebAppSanityPackage.BloodPressure_Section","case2_setTargetButCancel","[MAIN CARD] Verify Set Target button functionality - enter values and cancel without saving",""
"broken","Wed Mar 25 21:56:19 UTC 2026","Wed Mar 25 21:56:29 UTC 2026","10286","HabitNuWebAppSuite","2. Health Metrics","WebAppSanityPackage.WebAppHealth_WeightSection","WebAppSanityPackage.WebAppHealth_WeightSection","graphcase1","Load web app -> Click on Health section -> Weight section -> click on three lines -> Click on graph -> click on filter as last week",""
"passed","Wed Mar 25 21:53:45 UTC 2026","Wed Mar 25 21:53:45 UTC 2026","355","HabitNuWebAppSuite","2. Health Metrics","WebAppSanityPackage.Sugar_Section","WebAppSanityPackage.Sugar_Section","case17","verify blank data in Blood Sugar section Fasting",""
"broken","Wed Mar 25 22:00:35 UTC 2026","Wed Mar 25 22:00:36 UTC 2026","1096","HabitNuWebAppSuite","2. Health Metrics","WebAppSanityPackage.TobaccoSection","WebAppSanityPackage.TobaccoSection","case15_graphcase1","Load web app -> Click on Health section -> Weight section -> click on three lines -> Click on graph -> click on filter as last week",""
"passed","Wed Mar 25 21:50:46 UTC 2026","Wed Mar 25 21:50:47 UTC 2026","367","HabitNuWebAppSuite","2. Health Metrics","WebAppSanityPackage.BloodPressure_Section","WebAppSanityPackage.BloodPressure_Section","case23_verifyNegativeDiastolicValidation","[MODAL] Verify form validation when entering negative value in diastolic field (min=0 validation) and leaving systolic field blank",""
"passed","Wed Mar 25 21:50:45 UTC 2026","Wed Mar 25 21:50:45 UTC 2026","653","HabitNuWebAppSuite","2. Health Metrics","WebAppSanityPackage.BloodPressure_Section","WebAppSanityPackage.BloodPressure_Section","case19_addPreviousDayBloodPressureReading","[MODAL] Add previous day blood pressure reading and verify it updates the main card display",""
"passed","Wed Mar 25 21:52:46 UTC 2026","Wed Mar 25 21:52:57 UTC 2026","11043","HabitNuWebAppSuite","2. Health Metrics","WebAppSanityPackage.Sugar_Section","WebAppSanityPackage.Sugar_Section","case9","verify added today data in Blood Sugar section as Fasting",""
"passed","Wed Mar 25 21:50:47 UTC 2026","Wed Mar 25 21:50:47 UTC 2026","427","HabitNuWebAppSuite","2. Health Metrics","WebAppSanityPackage.BloodPressure_Section","WebAppSanityPackage.BloodPressure_Section","case24_verifySystolicMaxValueValidation","[MODAL] Verify systolic field maximum value validation (max=250) with extremely large input",""
"passed","Wed Mar 25 21:59:23 UTC 2026","Wed Mar 25 21:59:24 UTC 2026","942","HabitNuWebAppSuite","2. Health Metrics","WebAppSanityPackage.ExerciseSection","WebAppSanityPackage.ExerciseSection","case12","edit data in exercise section",""
"broken","Wed Mar 25 22:00:46 UTC 2026","Wed Mar 25 22:00:56 UTC 2026","10300","HabitNuWebAppSuite","2. Health Metrics","WebAppSanityPackage.TobaccoSection","WebAppSanityPackage.TobaccoSection","case21","add yesterday's tobacco n it should show last added data",""
"passed","Wed Mar 25 21:59:17 UTC 2026","Wed Mar 25 21:59:17 UTC 2026","675","HabitNuWebAppSuite","2. Health Metrics","WebAppSanityPackage.ExerciseSection","WebAppSanityPackage.ExerciseSection","case5","add yesterday's Exercise and verify last added data",""
"broken","Wed Mar 25 21:54:01 UTC 2026","Wed Mar 25 21:54:11 UTC 2026","10313","HabitNuWebAppSuite","2. Health Metrics","WebAppSanityPackage.WebAppHealth_WeightSection","WebAppSanityPackage.WebAppHealth_WeightSection","placeHolderOfTobaccoCountValueInputBox","verify placeholder - weight ",""
"passed","Wed Mar 25 21:58:42 UTC 2026","Wed Mar 25 21:58:42 UTC 2026","378","HabitNuWebAppSuite","2. Health Metrics","WebAppSanityPackage.ExerciseSection","WebAppSanityPackage.ExerciseSection","BeditTargetWithBlankValue","edit - Exercise cannot be blank",""
"broken","Wed Mar 25 22:00:45 UTC 2026","Wed Mar 25 22:00:46 UTC 2026","1094","HabitNuWebAppSuite","2. Health Metrics","WebAppSanityPackage.TobaccoSection","WebAppSanityPackage.TobaccoSection","case20_case51e","verify added today data in tobacco section ",""
"passed","Wed Mar 25 21:57:38 UTC 2026","Wed Mar 25 21:57:47 UTC 2026","9806","HabitNuWebAppSuite","2. Health Metrics","WebAppSanityPackage.Hba1c","WebAppSanityPackage.Hba1c","case3","Click on hba1c , click on add new button and add hba1c for last month and and Total count of the day should be 0",""
"passed","Wed Mar 25 22:01:17 UTC 2026","Wed Mar 25 22:01:18 UTC 2026","422","HabitNuWebAppSuite","2. Health Metrics","WebAppSanityPackage.TobaccoSection","WebAppSanityPackage.TobaccoSection","case25","verify data should not be more than 100000 in Tobocco count section,Systolic should not be grater than 250",""
"passed","Wed Mar 25 21:58:04 UTC 2026","Wed Mar 25 21:58:07 UTC 2026","2404","HabitNuWebAppSuite","2. Health Metrics","WebAppSanityPackage.Hba1c","WebAppSanityPackage.Hba1c","case9","verify data should not be more than 14 in Hba1c count section",""
"passed","Wed Mar 25 21:50:23 UTC 2026","Wed Mar 25 21:50:24 UTC 2026","376","HabitNuWebAppSuite","2. Health Metrics","WebAppSanityPackage.BloodPressure_Section","WebAppSanityPackage.BloodPressure_Section","case13_editsystolicTargetWithBlankValue","[MAIN CARD] Verify target edit validation error when clearing systolic field (blank/empty value)",""
"broken","Wed Mar 25 21:58:18 UTC 2026","Wed Mar 25 21:58:19 UTC 2026","1100","HabitNuWebAppSuite","2. Health Metrics","WebAppSanityPackage.Hba1c","WebAppSanityPackage.Hba1c","setNegativeTarget","enter negative target values and assert messages",""
"broken","Wed Mar 25 21:58:22 UTC 2026","Wed Mar 25 21:58:23 UTC 2026","1092","HabitNuWebAppSuite","2. Health Metrics","WebAppSanityPackage.Hba1c","WebAppSanityPackage.Hba1c","setValidTarget","enter valid Target",""
"passed","Wed Mar 25 21:50:22 UTC 2026","Wed Mar 25 21:50:22 UTC 2026","432","HabitNuWebAppSuite","2. Health Metrics","WebAppSanityPackage.BloodPressure_Section","WebAppSanityPackage.BloodPressure_Section","case9_editTargetValid","[MAIN CARD] Verify successful editing of existing blood pressure target with valid values",""
"broken","Wed Mar 25 21:58:26 UTC 2026","Wed Mar 25 21:58:28 UTC 2026","1109","HabitNuWebAppSuite","2. Health Metrics","WebAppSanityPackage.Hba1c","WebAppSanityPackage.Hba1c","editTargetWithGreaterThan99","edit -  enter target more than 14 and assert messages",""
"passed","Wed Mar 25 21:53:28 UTC 2026","Wed Mar 25 21:53:40 UTC 2026","11614","HabitNuWebAppSuite","2. Health Metrics","WebAppSanityPackage.Sugar_Section","WebAppSanityPackage.Sugar_Section","case15","verify last added monthly and yesterday's data in details page in Blood Sugar section",""
"passed","Wed Mar 25 21:59:15 UTC 2026","Wed Mar 25 21:59:17 UTC 2026","1397","HabitNuWebAppSuite","2. Health Metrics","WebAppSanityPackage.ExerciseSection","WebAppSanityPackage.ExerciseSection","case4","verify added today data in exercise section and verify total exercise per day",""
"passed","Wed Mar 25 21:51:21 UTC 2026","Wed Mar 25 21:51:21 UTC 2026","342","HabitNuWebAppSuite","2. Health Metrics","WebAppSanityPackage.Sugar_Section","WebAppSanityPackage.Sugar_Section","editTargetWithNegatives","edit -  negative target values and assert messages",""
"broken","Wed Mar 25 21:55:38 UTC 2026","Wed Mar 25 21:55:38 UTC 2026","16","HabitNuWebAppSuite","2. Health Metrics","WebAppSanityPackage.WebAppHealth_WeightSection","WebAppSanityPackage.WebAppHealth_WeightSection","case10","Add data as 1000 weight",""
"passed","Wed Mar 25 21:51:10 UTC 2026","Wed Mar 25 21:51:12 UTC 2026","2304","HabitNuWebAppSuite","2. Health Metrics","WebAppSanityPackage.Sugar_Section","WebAppSanityPackage.Sugar_Section","editTargetValid","edit Target - valid",""
"passed","Wed Mar 25 22:00:02 UTC 2026","Wed Mar 25 22:00:02 UTC 2026","311","HabitNuWebAppSuite","2. Health Metrics","WebAppSanityPackage.TobaccoSection","WebAppSanityPackage.TobaccoSection","case6_setTargetMoreThan99","enter target more than 99 and assert messages",""
"broken","Wed Mar 25 21:53:50 UTC 2026","Wed Mar 25 21:54:01 UTC 2026","10336","HabitNuWebAppSuite","2. Health Metrics","WebAppSanityPackage.WebAppHealth_WeightSection","WebAppSanityPackage.WebAppHealth_WeightSection","case1","verify - Blank weights",""
"passed","Wed Mar 25 21:58:42 UTC 2026","Wed Mar 25 21:58:42 UTC 2026","293","HabitNuWebAppSuite","2. Health Metrics","WebAppSanityPackage.ExerciseSection","WebAppSanityPackage.ExerciseSection","AsetTarget","enter target values and do click on 'x' mark and do not save",""
"passed","Wed Mar 25 21:58:43 UTC 2026","Wed Mar 25 21:58:44 UTC 2026","295","HabitNuWebAppSuite","2. Health Metrics","WebAppSanityPackage.ExerciseSection","WebAppSanityPackage.ExerciseSection","setValidTarget","enter valid Target",""
"broken","Wed Mar 25 21:54:43 UTC 2026","Wed Mar 25 21:54:43 UTC 2026","16","HabitNuWebAppSuite","2. Health Metrics","WebAppSanityPackage.WebAppHealth_WeightSection","WebAppSanityPackage.WebAppHealth_WeightSection","editTargetWithBlankValue","edit -  Weight cannot be blank",""
"passed","Wed Mar 25 21:58:16 UTC 2026","Wed Mar 25 21:58:18 UTC 2026","2375","HabitNuWebAppSuite","2. Health Metrics","WebAppSanityPackage.Hba1c","WebAppSanityPackage.Hba1c","setTarget","enter target values and do click on 'x' mark and do not save",""
"passed","Wed Mar 25 21:53:40 UTC 2026","Wed Mar 25 21:53:45 UTC 2026","4836","HabitNuWebAppSuite","2. Health Metrics","WebAppSanityPackage.Sugar_Section","WebAppSanityPackage.Sugar_Section","case16","verify blank data in Blood Sugar section before meal",""
"broken","Wed Mar 25 21:55:16 UTC 2026","Wed Mar 25 21:55:26 UTC 2026","10282","HabitNuWebAppSuite","2. Health Metrics","WebAppSanityPackage.WebAppHealth_WeightSection","WebAppSanityPackage.WebAppHealth_WeightSection","case5","verify added today data",""
"passed","Wed Mar 25 21:52:30 UTC 2026","Wed Mar 25 21:52:34 UTC 2026","3946","HabitNuWebAppSuite","2. Health Metrics","WebAppSanityPackage.Sugar_Section","WebAppSanityPackage.Sugar_Section","case6","Click on Blood Sugar , click on add new button and add Blood Sugar Before Meal for current  year , current date -1 ",""
"passed","Wed Mar 25 21:58:42 UTC 2026","Wed Mar 25 21:58:43 UTC 2026","396","HabitNuWebAppSuite","2. Health Metrics","WebAppSanityPackage.ExerciseSection","WebAppSanityPackage.ExerciseSection","setNegativeTarget","enter negative target values and assert messages",""
"broken","Wed Mar 25 21:56:40 UTC 2026","Wed Mar 25 21:56:50 UTC 2026","10282","HabitNuWebAppSuite","2. Health Metrics","WebAppSanityPackage.WebAppHealth_WeightSection","WebAppSanityPackage.WebAppHealth_WeightSection","graphcase3","Load web app -> Click on Health section -> Weight section -> click on three lines -> Click on graph -> click on filter as last year",""
"broken","Wed Mar 25 22:00:38 UTC 2026","Wed Mar 25 22:00:42 UTC 2026","4074","HabitNuWebAppSuite","2. Health Metrics","WebAppSanityPackage.TobaccoSection","WebAppSanityPackage.TobaccoSection","case17_graphcase3","Load web app -> Click on Health section -> Weight section -> click on three lines -> Click on graph -> click on filter as last year",""
"broken","Wed Mar 25 22:00:36 UTC 2026","Wed Mar 25 22:00:38 UTC 2026","2077","HabitNuWebAppSuite","2. Health Metrics","WebAppSanityPackage.TobaccoSection","WebAppSanityPackage.TobaccoSection","case16_graphcase2","Load web app -> Click on Health section -> Weight section -> click on three lines -> Click on graph -> click on filter as last month",""
"passed","Wed Mar 25 21:57:55 UTC 2026","Wed Mar 25 21:57:55 UTC 2026","146","HabitNuWebAppSuite","2. Health Metrics","WebAppSanityPackage.Hba1c","WebAppSanityPackage.Hba1c","case6","Verify last added monthly and yesterday's data in details page in Hba1c section",""
"passed","Wed Mar 25 21:51:08 UTC 2026","Wed Mar 25 21:51:08 UTC 2026","348","HabitNuWebAppSuite","2. Health Metrics","WebAppSanityPackage.Sugar_Section","WebAppSanityPackage.Sugar_Section","setNegativeDiastolicTarget","enter negative Low target values and assert messages",""
"broken","Wed Mar 25 21:54:22 UTC 2026","Wed Mar 25 21:54:32 UTC 2026","10285","HabitNuWebAppSuite","2. Health Metrics","WebAppSanityPackage.WebAppHealth_WeightSection","WebAppSanityPackage.WebAppHealth_WeightSection","editTargetValid","edit Target - valid",""
"passed","Wed Mar 25 22:00:02 UTC 2026","Wed Mar 25 22:00:02 UTC 2026","162","HabitNuWebAppSuite","2. Health Metrics","WebAppSanityPackage.TobaccoSection","WebAppSanityPackage.TobaccoSection","case4_placeHolderOfTobaccoCountValueInputBox","verify placeholder - MAX ",""
"broken","Wed Mar 25 21:55:26 UTC 2026","Wed Mar 25 21:55:37 UTC 2026","11156","HabitNuWebAppSuite","2. Health Metrics","WebAppSanityPackage.WebAppHealth_WeightSection","WebAppSanityPackage.WebAppHealth_WeightSection","case8","Add data as blank",""
"passed","Wed Mar 25 21:59:20 UTC 2026","Wed Mar 25 21:59:20 UTC 2026","300","HabitNuWebAppSuite","2. Health Metrics","WebAppSanityPackage.ExerciseSection","WebAppSanityPackage.ExerciseSection","case8","verify negative data in exercise section",""
"passed","Wed Mar 25 22:00:02 UTC 2026","Wed Mar 25 22:00:03 UTC 2026","237","HabitNuWebAppSuite","2. Health Metrics","WebAppSanityPackage.TobaccoSection","WebAppSanityPackage.TobaccoSection","case7_setValidTarget","enter valid Target",""
"passed","Wed Mar 25 21:57:47 UTC 2026","Wed Mar 25 21:57:50 UTC 2026","2597","HabitNuWebAppSuite","2. Health Metrics","WebAppSanityPackage.Hba1c","WebAppSanityPackage.Hba1c","case4","verify added today data in hba1c section ",""
"passed","Wed Mar 25 21:50:18 UTC 2026","Wed Mar 25 21:50:19 UTC 2026","232","HabitNuWebAppSuite","2. Health Metrics","WebAppSanityPackage.BloodPressure_Section","WebAppSanityPackage.BloodPressure_Section","case3_verifyPlaceholderText","[MAIN CARD] Verify Set Target modal placeholder text displays correctly for systolic and diastolic input fields",""
"passed","Wed Mar 25 21:50:50 UTC 2026","Wed Mar 25 21:50:51 UTC 2026","1180","HabitNuWebAppSuite","2. Health Metrics","WebAppSanityPackage.BloodPressure_Section","WebAppSanityPackage.BloodPressure_Section","case29_verifyDecimalValueValidationAndCleanup","[MODAL] Verify decimal value validation in form fields and cleanup test data using delete action buttons",""
"broken","Wed Mar 25 21:54:55 UTC 2026","Wed Mar 25 21:55:05 UTC 2026","10291","HabitNuWebAppSuite","2. Health Metrics","WebAppSanityPackage.WebAppHealth_WeightSection","WebAppSanityPackage.WebAppHealth_WeightSection","case3","add yesterday's weight n it should show last added data",""
"broken","Wed Mar 25 22:00:34 UTC 2026","Wed Mar 25 22:00:35 UTC 2026","1132","HabitNuWebAppSuite","2. Health Metrics","WebAppSanityPackage.TobaccoSection","WebAppSanityPackage.TobaccoSection","case14","verify added today data in tobacco section ",""
"broken","Wed Mar 25 21:51:34 UTC 2026","Wed Mar 25 21:52:06 UTC 2026","32162","HabitNuWebAppSuite","2. Health Metrics","WebAppSanityPackage.Sugar_Section","WebAppSanityPackage.Sugar_Section","case2","Click on Blood Sugar , click on add new button and add Blood Sugar fasting for current year current date ",""
"passed","Wed Mar 25 21:50:22 UTC 2026","Wed Mar 25 21:50:23 UTC 2026","394","HabitNuWebAppSuite","2. Health Metrics","WebAppSanityPackage.BloodPressure_Section","WebAppSanityPackage.BloodPressure_Section","case10_editTargetButDoNotSave","[MAIN CARD] Verify edit target functionality - modify values but cancel without saving",""
"passed","Wed Mar 25 21:59:17 UTC 2026","Wed Mar 25 21:59:20 UTC 2026","2263","HabitNuWebAppSuite","2. Health Metrics","WebAppSanityPackage.ExerciseSection","WebAppSanityPackage.ExerciseSection","case6","verify last added monthly and yesterday's data in details page",""
"passed","Wed Mar 25 21:50:23 UTC 2026","Wed Mar 25 21:50:23 UTC 2026","379","HabitNuWebAppSuite","2. Health Metrics","WebAppSanityPackage.BloodPressure_Section","WebAppSanityPackage.BloodPressure_Section","case11_editTargetWithNegatives","[MAIN CARD] Verify target edit validation error when entering negative systolic value",""
"passed","Wed Mar 25 21:59:36 UTC 2026","Wed Mar 25 22:00:01 UTC 2026","25334","HabitNuWebAppSuite","2. Health Metrics","WebAppSanityPackage.TobaccoSection","WebAppSanityPackage.TobaccoSection","Case1_noTargetSet","verify no target case",""
"passed","Wed Mar 25 21:57:55 UTC 2026","Wed Mar 25 21:58:00 UTC 2026","4373","HabitNuWebAppSuite","2. Health Metrics","WebAppSanityPackage.Hba1c","WebAppSanityPackage.Hba1c","case7","verify blank data in Hba1c section",""
"passed","Wed Mar 25 21:51:09 UTC 2026","Wed Mar 25 21:51:09 UTC 2026","251","HabitNuWebAppSuite","2. Health Metrics","WebAppSanityPackage.Sugar_Section","WebAppSanityPackage.Sugar_Section","lowTargetWithBlankValue","edit -  low BS cannot be blank",""
"broken","Wed Mar 25 21:56:56 UTC 2026","Wed Mar 25 21:57:07 UTC 2026","10733","HabitNuWebAppSuite","2. Health Metrics","WebAppSanityPackage.WebAppHealth_WeightSection","WebAppSanityPackage.WebAppHealth_WeightSection","graphCase6","Load web app -> Click on Health section -> Weight section -> verify graph values",""
"broken","Wed Mar 25 21:58:19 UTC 2026","Wed Mar 25 21:58:20 UTC 2026","1090","HabitNuWebAppSuite","2. Health Metrics","WebAppSanityPackage.Hba1c","WebAppSanityPackage.Hba1c","editTargetWithBlankValue","edit -  HbA1c cannot be blank",""
"passed","Wed Mar 25 21:58:31 UTC 2026","Wed Mar 25 21:58:42 UTC 2026","10944","HabitNuWebAppSuite","2. Health Metrics","WebAppSanityPackage.ExerciseSection","WebAppSanityPackage.ExerciseSection","noTargetSet","verify no target case",""
"passed","Wed Mar 25 22:00:01 UTC 2026","Wed Mar 25 22:00:02 UTC 2026","318","HabitNuWebAppSuite","2. Health Metrics","WebAppSanityPackage.TobaccoSection","WebAppSanityPackage.TobaccoSection","case3_ditTargetWithBlankValue","edit -  tobacco cannot be blank",""
"broken","Wed Mar 25 21:54:22 UTC 2026","Wed Mar 25 21:54:22 UTC 2026","17","HabitNuWebAppSuite","2. Health Metrics","WebAppSanityPackage.WebAppHealth_WeightSection","WebAppSanityPackage.WebAppHealth_WeightSection","setValidTarget","enter valid Target",""
"passed","Wed Mar 25 21:51:07 UTC 2026","Wed Mar 25 21:51:07 UTC 2026","186","HabitNuWebAppSuite","2. Health Metrics","WebAppSanityPackage.Sugar_Section","WebAppSanityPackage.Sugar_Section","placeHolderOfBPCountValueInputBox","verify placeholder - High and Low ",""
"passed","Wed Mar 25 21:53:03 UTC 2026","Wed Mar 25 21:53:05 UTC 2026","1967","HabitNuWebAppSuite","2. Health Metrics","WebAppSanityPackage.Sugar_Section","WebAppSanityPackage.Sugar_Section","case11","verify added today data in Blood Sugar section as Before Meal",""
"passed","Wed Mar 25 21:51:21 UTC 2026","Wed Mar 25 21:51:22 UTC 2026","1015","HabitNuWebAppSuite","2. Health Metrics","WebAppSanityPackage.Sugar_Section","WebAppSanityPackage.Sugar_Section","editTargetWithGreaterThan999","edit -  enter High target more than 999 and assert messages",""
"broken","Wed Mar 25 21:55:26 UTC 2026","Wed Mar 25 21:55:26 UTC 2026","14","HabitNuWebAppSuite","2. Health Metrics","WebAppSanityPackage.WebAppHealth_WeightSection","WebAppSanityPackage.WebAppHealth_WeightSection","case6","verify multiple added today data with 998",""
"passed","Wed Mar 25 21:50:48 UTC 2026","Wed Mar 25 21:50:48 UTC 2026","418","HabitNuWebAppSuite","2. Health Metrics","WebAppSanityPackage.BloodPressure_Section","WebAppSanityPackage.BloodPressure_Section","case26_verifyNegativeSystolicInputValidation","[MODAL] Verify negative systolic input validation in form (other)",""
"passed","Wed Mar 25 21:50:30 UTC 2026","Wed Mar 25 21:50:32 UTC 2026","2795","HabitNuWebAppSuite","2. Health Metrics","WebAppSanityPackage.BloodPressure_Section","WebAppSanityPackage.BloodPressure_Section","case16_addHistoricalBloodPressureData","[MODAL] Open Blood Pressure modal and add historical data with date picker and form validation",""
"passed","Wed Mar 25 21:53:45 UTC 2026","Wed Mar 25 21:53:46 UTC 2026","465","HabitNuWebAppSuite","2. Health Metrics","WebAppSanityPackage.Sugar_Section","WebAppSanityPackage.Sugar_Section","case18","verify blank data in Blood Sugar section After Meal",""
"passed","Wed Mar 25 22:00:06 UTC 2026","Wed Mar 25 22:00:11 UTC 2026","5507","HabitNuWebAppSuite","2. Health Metrics","WebAppSanityPackage.TobaccoSection","WebAppSanityPackage.TobaccoSection","case9_editTargetButDoNotSave","edit target values and do click on 'x' mark and do not save",""
"broken","Wed Mar 25 21:54:22 UTC 2026","Wed Mar 25 21:54:22 UTC 2026","21","HabitNuWebAppSuite","2. Health Metrics","WebAppSanityPackage.WebAppHealth_WeightSection","WebAppSanityPackage.WebAppHealth_WeightSection","setTargetMoreThan99","enter target more than 999 and assert messages",""
"broken","Wed Mar 25 21:54:32 UTC 2026","Wed Mar 25 21:54:43 UTC 2026","10284","HabitNuWebAppSuite","2. Health Metrics","WebAppSanityPackage.WebAppHealth_WeightSection","WebAppSanityPackage.WebAppHealth_WeightSection","editTargetButDoNotSave","edit target values and do click on 'x' mark and do not save",""
"passed","Wed Mar 25 21:59:21 UTC 2026","Wed Mar 25 21:59:21 UTC 2026","681","HabitNuWebAppSuite","2. Health Metrics","WebAppSanityPackage.ExerciseSection","WebAppSanityPackage.ExerciseSection","case9","verify data should not be more than 100000 in exercise section",""
"passed","Wed Mar 25 21:50:19 UTC 2026","Wed Mar 25 21:50:19 UTC 2026","420","HabitNuWebAppSuite","2. Health Metrics","WebAppSanityPackage.BloodPressure_Section","WebAppSanityPackage.BloodPressure_Section","case4_setNegativeSystolicTarget","[MAIN CARD] Verify Set Target validation error when entering negative systolic target value",""
"passed","Wed Mar 25 21:50:45 UTC 2026","Wed Mar 25 21:50:46 UTC 2026","222","HabitNuWebAppSuite","2. Health Metrics","WebAppSanityPackage.BloodPressure_Section","WebAppSanityPackage.BloodPressure_Section","case20_verifyHistoryTableDateTime","[MODAL] Verify blood pressure history table displays correct date/time entries with proper formatting",""
"passed","Wed Mar 25 21:59:07 UTC 2026","Wed Mar 25 21:59:08 UTC 2026","882","HabitNuWebAppSuite","2. Health Metrics","WebAppSanityPackage.ExerciseSection","WebAppSanityPackage.ExerciseSection","editTargetWithGreaterThan99","edit - enter target more than 1440 and assert messages",""
"passed","Wed Mar 25 21:51:07 UTC 2026","Wed Mar 25 21:51:07 UTC 2026","318","HabitNuWebAppSuite","2. Health Metrics","WebAppSanityPackage.Sugar_Section","WebAppSanityPackage.Sugar_Section","setTarget","enter target values and do click on 'x' mark and do not save",""
"passed","Wed Mar 25 21:57:50 UTC 2026","Wed Mar 25 21:57:55 UTC 2026","5233","HabitNuWebAppSuite","2. Health Metrics","WebAppSanityPackage.Hba1c","WebAppSanityPackage.Hba1c","case5","add yesterday's hba1c n it should show last added data",""
"passed","Wed Mar 25 21:50:32 UTC 2026","Wed Mar 25 21:50:33 UTC 2026","1057","HabitNuWebAppSuite","2. Health Metrics","WebAppSanityPackage.BloodPressure_Section","WebAppSanityPackage.BloodPressure_Section","case17_verifyNoDataFor30DaysMessage","[MAIN CARD] Verify 'No data for last 30 days' message displays correctly in widget",""
"passed","Wed Mar 25 21:51:09 UTC 2026","Wed Mar 25 21:51:10 UTC 2026","312","HabitNuWebAppSuite","2. Health Metrics","WebAppSanityPackage.Sugar_Section","WebAppSanityPackage.Sugar_Section","setValidTarget","enter valid Target",""
"passed","Wed Mar 25 21:50:46 UTC 2026","Wed Mar 25 21:50:46 UTC 2026","485","HabitNuWebAppSuite","2. Health Metrics","WebAppSanityPackage.BloodPressure_Section","WebAppSanityPackage.BloodPressure_Section","case21_verifyRequiredFieldValidation","[MODAL] Verify required field validation when submitting form with empty systolic and diastolic inputs",""
"passed","Wed Mar 25 21:57:33 UTC 2026","Wed Mar 25 21:57:38 UTC 2026","5118","HabitNuWebAppSuite","2. Health Metrics","WebAppSanityPackage.Hba1c","WebAppSanityPackage.Hba1c","case2","Click on HbA1c , click on add new button and add hba1c for last year",""
"passed","Wed Mar 25 21:52:06 UTC 2026","Wed Mar 25 21:52:08 UTC 2026","2091","HabitNuWebAppSuite","2. Health Metrics","WebAppSanityPackage.Sugar_Section","WebAppSanityPackage.Sugar_Section","case3","Click on Blood Sugar , click on add new button and add Blood Sugar Before Meal for current year current date ",""
"passed","Wed Mar 25 21:51:08 UTC 2026","Wed Mar 25 21:51:09 UTC 2026","287","HabitNuWebAppSuite","2. Health Metrics","WebAppSanityPackage.Sugar_Section","WebAppSanityPackage.Sugar_Section","setLowTargetMoreThan200","enter Low target more than 1000 and assert messages",""
"passed","Wed Mar 25 22:00:03 UTC 2026","Wed Mar 25 22:00:06 UTC 2026","3281","HabitNuWebAppSuite","2. Health Metrics","WebAppSanityPackage.TobaccoSection","WebAppSanityPackage.TobaccoSection","case8_editTargetValid","edit Target - valid",""
"passed","Wed Mar 25 21:58:44 UTC 2026","Wed Mar 25 21:58:44 UTC 2026","340","HabitNuWebAppSuite","2. Health Metrics","WebAppSanityPackage.ExerciseSection","WebAppSanityPackage.ExerciseSection","editTargetValid","edit Target - valid",""
"broken","Wed Mar 25 21:54:43 UTC 2026","Wed Mar 25 21:54:55 UTC 2026","11558","HabitNuWebAppSuite","2. Health Metrics","WebAppSanityPackage.WebAppHealth_WeightSection","WebAppSanityPackage.WebAppHealth_WeightSection","case2","Click on weight , click on add new button and add weight for last month",""
"passed","Wed Mar 25 21:58:43 UTC 2026","Wed Mar 25 21:58:43 UTC 2026","411","HabitNuWebAppSuite","2. Health Metrics","WebAppSanityPackage.ExerciseSection","WebAppSanityPackage.ExerciseSection","setTargetMoreThan99","enter target more than 1440 and assert messages",""
"passed","Wed Mar 25 21:51:08 UTC 2026","Wed Mar 25 21:51:08 UTC 2026","308","HabitNuWebAppSuite","2. Health Metrics","WebAppSanityPackage.Sugar_Section","WebAppSanityPackage.Sugar_Section","setHighTargetMoreThan250","enter High target more than 1000 and assert messages",""
"broken","Wed Mar 25 21:56:30 UTC 2026","Wed Mar 25 21:56:40 UTC 2026","10286","HabitNuWebAppSuite","2. Health Metrics","WebAppSanityPackage.WebAppHealth_WeightSection","WebAppSanityPackage.WebAppHealth_WeightSection","graphcase2","Load web app -> Click on Health section -> Weight section -> click on three lines -> Click on graph -> click on filter as last month",""
"passed","Wed Mar 25 21:50:20 UTC 2026","Wed Mar 25 21:50:20 UTC 2026","373","HabitNuWebAppSuite","2. Health Metrics","WebAppSanityPackage.BloodPressure_Section","WebAppSanityPackage.BloodPressure_Section","case7_setDiastolicTargetMoreThan200","[MAIN CARD] Verify Set Target validation error when entering diastolic target value greater than 200",""
"passed","Wed Mar 25 22:01:16 UTC 2026","Wed Mar 25 22:01:17 UTC 2026","469","HabitNuWebAppSuite","2. Health Metrics","WebAppSanityPackage.TobaccoSection","WebAppSanityPackage.TobaccoSection","case23","verify blank data in Tobacco section",""
"passed","Wed Mar 25 22:00:01 UTC 2026","Wed Mar 25 22:00:01 UTC 2026","238","HabitNuWebAppSuite","2. Health Metrics","WebAppSanityPackage.TobaccoSection","WebAppSanityPackage.TobaccoSection","case2_setTarget","enter target values and do click on 'x' mark and do not save",""
"broken","Wed Mar 25 21:54:43 UTC 2026","Wed Mar 25 21:54:43 UTC 2026","16","HabitNuWebAppSuite","2. Health Metrics","WebAppSanityPackage.WebAppHealth_WeightSection","WebAppSanityPackage.WebAppHealth_WeightSection","editTargetWithGreaterThan99","edit -  enter target more than 999 and assert messages",""
"broken","Wed Mar 25 21:58:23 UTC 2026","Wed Mar 25 21:58:24 UTC 2026","1086","HabitNuWebAppSuite","2. Health Metrics","WebAppSanityPackage.Hba1c","WebAppSanityPackage.Hba1c","editTargetValid","edit Target - valid",""
"passed","Wed Mar 25 21:50:20 UTC 2026","Wed Mar 25 21:50:20 UTC 2026","405","HabitNuWebAppSuite","2. Health Metrics","WebAppSanityPackage.BloodPressure_Section","WebAppSanityPackage.BloodPressure_Section","case6_setSystolicTargetMoreThan250","[MAIN CARD] Verify Set Target validation error when entering systolic target value greater than 250",""
"broken","Wed Mar 25 21:55:38 UTC 2026","Wed Mar 25 21:55:48 UTC 2026","10298","HabitNuWebAppSuite","2. Health Metrics","WebAppSanityPackage.WebAppHealth_WeightSection","WebAppSanityPackage.WebAppHealth_WeightSection","case11","Add data and edit",""
"passed","Wed Mar 25 21:57:07 UTC 2026","Wed Mar 25 21:57:23 UTC 2026","15848","HabitNuWebAppSuite","2. Health Metrics","WebAppSanityPackage.WebAppHealth_WeightSection","WebAppSanityPackage.WebAppHealth_WeightSection","case13","verify last week , month , year data ",""
"passed","Wed Mar 25 21:53:05 UTC 2026","Wed Mar 25 21:53:06 UTC 2026","1260","HabitNuWebAppSuite","2. Health Metrics","WebAppSanityPackage.Sugar_Section","WebAppSanityPackage.Sugar_Section","case12","add yesterday's Blood Sugar n it should show last added data Fasting",""
"passed","Wed Mar 25 22:00:13 UTC 2026","Wed Mar 25 22:00:18 UTC 2026","4877","HabitNuWebAppSuite","2. Health Metrics","WebAppSanityPackage.TobaccoSection","WebAppSanityPackage.TobaccoSection","case12","Click on Health tab and verify 'No data recorded yet' in Tobacco section",""
"broken","Wed Mar 25 21:58:56 UTC 2026","Wed Mar 25 21:59:07 UTC 2026","10656","HabitNuWebAppSuite","2. Health Metrics","WebAppSanityPackage.ExerciseSection","WebAppSanityPackage.ExerciseSection","editTargetWithNegatives","edit - negative target values and assert messages",""
"passed","Wed Mar 25 21:59:15 UTC 2026","Wed Mar 25 21:59:15 UTC 2026","219","HabitNuWebAppSuite","2. Health Metrics","WebAppSanityPackage.ExerciseSection","WebAppSanityPackage.ExerciseSection","case3","Verify No data added for last 30 days",""
"passed","Wed Mar 25 21:52:34 UTC 2026","Wed Mar 25 21:52:35 UTC 2026","738","HabitNuWebAppSuite","2. Health Metrics","WebAppSanityPackage.Sugar_Section","WebAppSanityPackage.Sugar_Section","case7","Click on Blood Sugar , click on add new button and add Blood Sugar After Meal for current year current date -1",""
"passed","Wed Mar 25 21:50:47 UTC 2026","Wed Mar 25 21:50:48 UTC 2026","495","HabitNuWebAppSuite","2. Health Metrics","WebAppSanityPackage.BloodPressure_Section","WebAppSanityPackage.BloodPressure_Section","case25_verifyDiastolicMaxValueValidation","[MODAL] Verify diastolic field maximum value validation (max=200) with extremely large input",""
"passed","Wed Mar 25 22:00:02 UTC 2026","Wed Mar 25 22:00:02 UTC 2026","351","HabitNuWebAppSuite","2. Health Metrics","WebAppSanityPackage.TobaccoSection","WebAppSanityPackage.TobaccoSection","case5_setNegativeTarget","enter negative target values and assert messages",""
"passed","Wed Mar 25 21:59:13 UTC 2026","Wed Mar 25 21:59:15 UTC 2026","2082","HabitNuWebAppSuite","2. Health Metrics","WebAppSanityPackage.ExerciseSection","WebAppSanityPackage.ExerciseSection","case2","Click on Exercise, add exercise for last year, verify Total minutes is 0",""
"passed","Wed Mar 25 21:59:21 UTC 2026","Wed Mar 25 21:59:23 UTC 2026","1429","HabitNuWebAppSuite","2. Health Metrics","WebAppSanityPackage.ExerciseSection","WebAppSanityPackage.ExerciseSection","case10","verify others data",""
"broken","Wed Mar 25 21:58:21 UTC 2026","Wed Mar 25 21:58:22 UTC 2026","1123","HabitNuWebAppSuite","2. Health Metrics","WebAppSanityPackage.Hba1c","WebAppSanityPackage.Hba1c","setTargetMoreThan99","enter target more than 14 and assert messages",""
"passed","Wed Mar 25 22:01:39 UTC 2026","Wed Mar 25 22:01:39 UTC 2026","82","HabitNuWebAppSuite","2. Health Metrics","WebAppSanityPackage.TobaccoSection","WebAppSanityPackage.TobaccoSection","case27","verify decimal data in Tobacco Count section",""
"passed","Wed Mar 25 21:53:06 UTC 2026","Wed Mar 25 21:53:17 UTC 2026","11050","HabitNuWebAppSuite","2. Health Metrics","WebAppSanityPackage.Sugar_Section","WebAppSanityPackage.Sugar_Section","case13","add yesterday's Blood Sugar n it should show last added data After Meal",""
"passed","Wed Mar 25 21:58:07 UTC 2026","Wed Mar 25 21:58:14 UTC 2026","7370","HabitNuWebAppSuite","2. Health Metrics","WebAppSanityPackage.Hba1c","WebAppSanityPackage.Hba1c","case10","edit data in Hba1c section",""
"broken","Wed Mar 25 21:55:48 UTC 2026","Wed Mar 25 21:56:19 UTC 2026","30884","HabitNuWebAppSuite","2. Health Metrics","WebAppSanityPackage.WebAppHealth_WeightSection","WebAppSanityPackage.WebAppHealth_WeightSection","case12","Add data as double weight",""
"passed","Wed Mar 25 21:50:55 UTC 2026","Wed Mar 25 21:51:07 UTC 2026","12027","HabitNuWebAppSuite","2. Health Metrics","WebAppSanityPackage.Sugar_Section","WebAppSanityPackage.Sugar_Section","noTargetSet","verify no target case",""
"passed","Wed Mar 25 21:50:20 UTC 2026","Wed Mar 25 21:50:22 UTC 2026","1423","HabitNuWebAppSuite","2. Health Metrics","WebAppSanityPackage.BloodPressure_Section","WebAppSanityPackage.BloodPressure_Section","case8_setValidTarget","[MAIN CARD] Verify successful setting of valid blood pressure target values via Set Target button",""
"broken","Wed Mar 25 21:58:25 UTC 2026","Wed Mar 25 21:58:26 UTC 2026","1097","HabitNuWebAppSuite","2. Health Metrics","WebAppSanityPackage.Hba1c","WebAppSanityPackage.Hba1c","editTargetWithNegatives","edit -  negative target values and assert messages",""
"passed","Wed Mar 25 21:50:19 UTC 2026","Wed Mar 25 21:50:20 UTC 2026","412","HabitNuWebAppSuite","2. Health Metrics","WebAppSanityPackage.BloodPressure_Section","WebAppSanityPackage.BloodPressure_Section","case5_setNegativeDiastolicTarget","[MAIN CARD] Verify Set Target validation error when entering negative diastolic target value",""
"passed","Wed Mar 25 21:52:35 UTC 2026","Wed Mar 25 21:52:46 UTC 2026","10790","HabitNuWebAppSuite","2. Health Metrics","WebAppSanityPackage.Sugar_Section","WebAppSanityPackage.Sugar_Section","case8","Verify No data added for last 30 days",""
"passed","Wed Mar 25 21:50:33 UTC 2026","Wed Mar 25 21:50:45 UTC 2026","11414","HabitNuWebAppSuite","2. Health Metrics","WebAppSanityPackage.BloodPressure_Section","WebAppSanityPackage.BloodPressure_Section","case18_addCurrentDayBloodPressureReading","[MODAL] Add current day blood pressure reading via modal form and verify entry appears in history table",""
"passed","Wed Mar 25 22:01:17 UTC 2026","Wed Mar 25 22:01:17 UTC 2026","367","HabitNuWebAppSuite","2. Health Metrics","WebAppSanityPackage.TobaccoSection","WebAppSanityPackage.TobaccoSection","case24","verify negative data in Tobocco count section",""
"broken","Wed Mar 25 22:00:18 UTC 2026","Wed Mar 25 22:00:34 UTC 2026","15833","HabitNuWebAppSuite","2. Health Metrics","WebAppSanityPackage.TobaccoSection","WebAppSanityPackage.TobaccoSection","case13","Click on tobacco , click on add new button and add tobacco for last year and and Total count of the day should be 0",""
"broken","Wed Mar 25 22:01:18 UTC 2026","Wed Mar 25 22:01:38 UTC 2026","20722","HabitNuWebAppSuite","2. Health Metrics","WebAppSanityPackage.TobaccoSection","WebAppSanityPackage.TobaccoSection","case26","edit data in tobacco section",""
"passed","Wed Mar 25 21:50:49 UTC 2026","Wed Mar 25 21:50:50 UTC 2026","1383","HabitNuWebAppSuite","2. Health Metrics","WebAppSanityPackage.BloodPressure_Section","WebAppSanityPackage.BloodPressure_Section","case28_verifyEditFunctionalityInHistoryTable","[MODAL] Verify edit functionality for blood pressure entries in history table using edit action buttons",""
"broken","Wed Mar 25 21:54:43 UTC 2026","Wed Mar 25 21:54:43 UTC 2026","15","HabitNuWebAppSuite","2. Health Metrics","WebAppSanityPackage.WebAppHealth_WeightSection","WebAppSanityPackage.WebAppHealth_WeightSection","editTargetWithNegatives","edit -  negative target values and assert messages",""
"passed","Wed Mar 25 21:50:24 UTC 2026","Wed Mar 25 21:50:25 UTC 2026","958","HabitNuWebAppSuite","2. Health Metrics","WebAppSanityPackage.BloodPressure_Section","WebAppSanityPackage.BloodPressure_Section","case14_editdiastolicTargetWithBlankValue","[MAIN CARD] Verify target edit validation error when clearing diastolic field (blank/empty value)",""
"broken","Wed Mar 25 21:52:10 UTC 2026","Wed Mar 25 21:52:30 UTC 2026","19909","HabitNuWebAppSuite","2. Health Metrics","WebAppSanityPackage.Sugar_Section","WebAppSanityPackage.Sugar_Section","case5","Click on Blood Sugar , click on add new button and add Blood Sugar fasting for current year current date -1 ",""
"passed","Wed Mar 25 21:58:14 UTC 2026","Wed Mar 25 21:58:16 UTC 2026","1726","HabitNuWebAppSuite","2. Health Metrics","WebAppSanityPackage.Hba1c","WebAppSanityPackage.Hba1c","case12","verify deleting of hba1c datas",""
"passed","Wed Mar 25 21:52:57 UTC 2026","Wed Mar 25 21:53:03 UTC 2026","5753","HabitNuWebAppSuite","2. Health Metrics","WebAppSanityPackage.Sugar_Section","WebAppSanityPackage.Sugar_Section","case10","verify added today data in Blood Sugar section as After Meal",""
"passed","Wed Mar 25 21:51:07 UTC 2026","Wed Mar 25 21:51:08 UTC 2026","414","HabitNuWebAppSuite","2. Health Metrics","WebAppSanityPackage.Sugar_Section","WebAppSanityPackage.Sugar_Section","setNegativeSystolicTarget","enter negative High target values and assert messages",""
"passed","Wed Mar 25 21:58:00 UTC 2026","Wed Mar 25 21:58:04 UTC 2026","4404","HabitNuWebAppSuite","2. Health Metrics","WebAppSanityPackage.Hba1c","WebAppSanityPackage.Hba1c","case8","verify negative data in Hba1c count section",""
"broken","Wed Mar 25 21:56:50 UTC 2026","Wed Mar 25 21:56:56 UTC 2026","5264","HabitNuWebAppSuite","2. Health Metrics","WebAppSanityPackage.WebAppHealth_WeightSection","WebAppSanityPackage.WebAppHealth_WeightSection","graphcase5","Load web app -> Click on Health section -> Weight section -> click on ""i"" symbol",""
"passed","Wed Mar 25 21:53:46 UTC 2026","Wed Mar 25 21:53:47 UTC 2026","1611","HabitNuWebAppSuite","2. Health Metrics","WebAppSanityPackage.Sugar_Section","WebAppSanityPackage.Sugar_Section","case19","verify decimal data in Blood Sugar section After meal",""
"passed","Wed Mar 25 21:59:08 UTC 2026","Wed Mar 25 21:59:13 UTC 2026","4894","HabitNuWebAppSuite","2. Health Metrics","WebAppSanityPackage.ExerciseSection","WebAppSanityPackage.ExerciseSection","case1","Click on health tab and verify no data recorded yet in Exercise section",""
"passed","Wed Mar 25 21:51:09 UTC 2026","Wed Mar 25 21:51:09 UTC 2026","267","HabitNuWebAppSuite","2. Health Metrics","WebAppSanityPackage.Sugar_Section","WebAppSanityPackage.Sugar_Section","highTargetWithBlankValue","edit -  high BS cannot be blank",""
"passed","Wed Mar 25 21:50:48 UTC 2026","Wed Mar 25 21:50:49 UTC 2026","441","HabitNuWebAppSuite","2. Health Metrics","WebAppSanityPackage.BloodPressure_Section","WebAppSanityPackage.BloodPressure_Section","case27_verifyNegativeDiastolicInputValidation","[MODAL] Verify negative diastolic input validation in form (alternative test scenario)",""
"passed","Wed Mar 25 21:52:08 UTC 2026","Wed Mar 25 21:52:10 UTC 2026","2012","HabitNuWebAppSuite","2. Health Metrics","WebAppSanityPackage.Sugar_Section","WebAppSanityPackage.Sugar_Section","case4","Click on Blood Sugar , click on add new button and add Blood Sugar After Meal for current year current date ",""
"passed","Wed Mar 25 21:59:23 UTC 2026","Wed Mar 25 21:59:23 UTC 2026","392","HabitNuWebAppSuite","2. Health Metrics","WebAppSanityPackage.ExerciseSection","WebAppSanityPackage.ExerciseSection","case11","verify negative data as others in exercise section",""
"passed","Wed Mar 25 21:50:23 UTC 2026","Wed Mar 25 21:50:23 UTC 2026","371","HabitNuWebAppSuite","2. Health Metrics","WebAppSanityPackage.BloodPressure_Section","WebAppSanityPackage.BloodPressure_Section","case12_editTargetWithGreaterThan250","[MAIN CARD] Verify target edit validation error when entering systolic value greater than 250",""
"passed","Wed Mar 25 21:53:17 UTC 2026","Wed Mar 25 21:53:28 UTC 2026","11471","HabitNuWebAppSuite","2. Health Metrics","WebAppSanityPackage.Sugar_Section","WebAppSanityPackage.Sugar_Section","case14","add yesterday's Blood Sugar n it should show last added data Before Meal",""
"passed","Wed Mar 25 22:00:12 UTC 2026","Wed Mar 25 22:00:13 UTC 2026","1028","HabitNuWebAppSuite","2. Health Metrics","WebAppSanityPackage.TobaccoSection","WebAppSanityPackage.TobaccoSection","case11_editTargetWithGreaterThan99","edit -  enter target more than 99 and assert messages",""
"passed","Wed Mar 25 21:50:46 UTC 2026","Wed Mar 25 21:50:46 UTC 2026","194","HabitNuWebAppSuite","2. Health Metrics","WebAppSanityPackage.BloodPressure_Section","WebAppSanityPackage.BloodPressure_Section","case22_verifyNegativeSystolicValidation","[MODAL] Verify form validation when entering negative value in systolic field (min=0 validation) and leaving diastolic field blank",""
